XML Link	titleId	contentId	titleName	region
	PPSA01490	EP0001-PPSA01490_00-GAME000000000000	Assassin's Creed® Valhalla	['da-DK', 'de-AT', 'de-CH', 'de-DE', 'de-LU', 'en-AU', 'en-BG', 'en-CY', 'en-CZ', 'en-DK', 'en-FI', 'en-GB', 'en-GR', 'en-HR', 'en-HU', 'en-IE', 'en-IL', 'en-IN', 'en-IS', 'en-MT', 'en-NO', 'en-NZ', 'en-PL', 'en-RO', 'en-SE', 'en-SI', 'en-SK', 'en-ZA', 'es-ES', 'fi-FI', 'fr-BE', 'fr-CH', 'fr-FR', 'fr-LU', 'it-CH', 'it-IT', 'nl-BE', 'nl-NL', 'no-NO', 'pl-PL', 'pt-PT', 'sv-SE']
	PPSA01532	EP0001-PPSA01532_00-GAME000000000000	Assassin's Creed® Valhalla	['en-TR', 'ru-RU', 'ru-UA', 'tr-TR']
	PPSA01533	EP0001-PPSA01533_00-GAME000000000000	Assassin's Creed® Valhalla	['ar-AE', 'ar-BH', 'ar-KW', 'ar-LB', 'ar-OM', 'ar-QA', 'ar-SA', 'en-AE', 'en-BH', 'en-KW', 'en-LB', 'en-OM', 'en-QA', 'en-SA']
	PPSA01504	JP0001-PPSA01504_00-GAME000000000000	Assassin's Creed® Valhalla	['en-HK', 'en-ID', 'en-MY', 'en-SG', 'en-TH', 'en-TW', 'ja-JP', 'ko-KR', 'zh-HK', 'zh-TW']
	PPSA01491	UP0001-PPSA01491_00-GAME000000000000	Assassin's Creed® Valhalla	['en-AR', 'en-BR', 'en-CA', 'en-CL', 'en-CO', 'en-MX', 'en-PE', 'en-US', 'es-AR', 'es-BO', 'es-CL', 'es-CO', 'es-CR', 'es-EC', 'es-GT', 'es-HN', 'es-MX', 'es-NI', 'es-PA', 'es-PE', 'es-PY', 'es-SV', 'es-UY', 'fr-CA', 'pt-BR']
	PPSA01325	IP9100-PPSA01325_00-PREINMASTER00000	ASTRO's PLAYROOM	['en-AR', 'en-BR', 'en-CA', 'en-CL', 'en-CO', 'en-HK', 'en-ID', 'en-MX', 'en-MY', 'en-PE', 'en-SG', 'en-TH', 'en-TW', 'en-US', 'es-AR', 'es-BO', 'es-CL', 'es-CO', 'es-CR', 'es-EC', 'es-GT', 'es-HN', 'es-MX', 'es-NI', 'es-PA', 'es-PE', 'es-PY', 'es-SV', 'es-UY', 'fr-CA', 'ja-JP', 'ko-KR', 'pt-BR', 'zh-HK', 'zh-TW']
	PPSA02094	EP4108-PPSA02094_00-RYZA200000MASTER	Atelier Ryza 2: Lost Legends & the Secret Fairy	['ar-AE', 'ar-BH', 'ar-KW', 'ar-LB', 'ar-OM', 'ar-QA', 'ar-SA', 'da-DK', 'de-AT', 'de-CH', 'de-DE', 'de-LU', 'en-AE', 'en-AU', 'en-BG', 'en-BH', 'en-CY', 'en-CZ', 'en-DK', 'en-FI', 'en-GB', 'en-GR', 'en-HR', 'en-HU', 'en-IE', 'en-IL', 'en-IN', 'en-IS', 'en-KW', 'en-LB', 'en-MT', 'en-NO', 'en-NZ', 'en-OM', 'en-PL', 'en-QA', 'en-RO', 'en-SA', 'en-SE', 'en-SI', 'en-SK', 'en-TR', 'en-ZA', 'es-ES', 'fi-FI', 'fr-BE', 'fr-CH', 'fr-FR', 'fr-LU', 'it-CH', 'it-IT', 'nl-BE', 'nl-NL', 'no-NO', 'pl-PL', 'pt-PT', 'ru-RU', 'ru-UA', 'sv-SE', 'tr-TR']
	PPSA02093	UP4108-PPSA02093_00-RYZA200000MASTER	Atelier Ryza 2: Lost Legends & the Secret Fairy	['en-AR', 'en-BR', 'en-CA', 'en-CL', 'en-CO', 'en-HK', 'en-ID', 'en-MX', 'en-MY', 'en-PE', 'en-SG', 'en-TH', 'en-TW', 'en-US', 'es-AR', 'es-BO', 'es-CL', 'es-CO', 'es-CR', 'es-EC', 'es-GT', 'es-HN', 'es-MX', 'es-NI', 'es-PA', 'es-PE', 'es-PY', 'es-SV', 'es-UY', 'fr-CA', 'pt-BR', 'zh-HK', 'zh-TW']
MISSING	PPSA01696	EP1018-PPSA01696_00	Back 4 Blood: Ultimate Edition PS4 and PS5	['ar-AE', 'ar-BH', 'ar-KW', 'ar-LB', 'ar-OM', 'ar-QA', 'ar-SA', 'da-DK', 'de-AT', 'de-CH', 'de-DE', 'de-LU', 'en-AE', 'en-AU', 'en-BG', 'en-BH', 'en-CY', 'en-CZ', 'en-DK', 'en-FI', 'en-GB', 'en-GR', 'en-HR', 'en-HU', 'en-IE', 'en-IL', 'en-IN', 'en-IS', 'en-KW', 'en-LB', 'en-MT', 'en-NO', 'en-NZ', 'en-OM', 'en-PL', 'en-QA', 'en-RO', 'en-SA', 'en-SE', 'en-SI', 'en-SK', 'en-TR', 'en-ZA', 'es-ES', 'fi-FI', 'fr-BE', 'fr-CH', 'fr-FR', 'fr-LU', 'it-CH', 'it-IT', 'nl-BE', 'nl-NL', 'no-NO', 'pl-PL', 'pt-PT', 'ru-RU', 'ru-UA', 'sv-SE', 'tr-TR']
MISSING	PPSA01695	UP1018-PPSA01695_00	Back 4 Blood: Ultimate Edition PS4 and PS5	['en-AR', 'en-BR', 'en-CA', 'en-CL', 'en-CO', 'en-HK', 'en-ID', 'en-MX', 'en-MY', 'en-PE', 'en-SG', 'en-TH', 'en-TW', 'en-US', 'es-AR', 'es-BO', 'es-CL', 'es-CO', 'es-CR', 'es-EC', 'es-GT', 'es-HN', 'es-MX', 'es-NI', 'es-PA', 'es-PE', 'es-PY', 'es-SV', 'es-UY', 'fr-CA', 'ko-KR', 'pt-BR', 'zh-HK', 'zh-TW']
	PPSA02447	EP0082-PPSA02447_00-BALANWW5E0000002	BALAN WONDERWORLD Demo	['ar-AE', 'ar-BH', 'ar-KW', 'ar-LB', 'ar-OM', 'ar-QA', 'ar-SA', 'da-DK', 'de-AT', 'de-CH', 'de-DE', 'de-LU', 'en-AE', 'en-AU', 'en-BG', 'en-BH', 'en-CY', 'en-CZ', 'en-DK', 'en-FI', 'en-GB', 'en-GR', 'en-HR', 'en-HU', 'en-IE', 'en-IL', 'en-IN', 'en-IS', 'en-KW', 'en-LB', 'en-MT', 'en-NO', 'en-NZ', 'en-OM', 'en-PL', 'en-QA', 'en-RO', 'en-SA', 'en-SE', 'en-SI', 'en-SK', 'en-TR', 'en-ZA', 'es-ES', 'fi-FI', 'fr-BE', 'fr-CH', 'fr-FR', 'fr-LU', 'it-CH', 'it-IT', 'nl-BE', 'nl-NL', 'no-NO', 'pl-PL', 'pt-PT', 'ru-RU', 'ru-UA', 'sv-SE', 'tr-TR']
	PPSA02448	HP0082-PPSA02448_00-BALANWW5AS000002	BALAN WONDERWORLD Demo	['en-HK', 'en-ID', 'en-MY', 'en-SG', 'en-TH', 'en-TW', 'ko-KR', 'zh-HK', 'zh-TW']
	PPSA02445	JP0082-PPSA02445_00-BALANWW500000002	BALAN WONDERWORLD Demo	['ja-JP']
	PPSA02446	UP0082-PPSA02446_00-BALANWW5A0000002	BALAN WONDERWORLD Demo	[]
MISSING	PPSA02058	EP0082-PPSA02058_00	BALAN WONDERWORLD PS4 and PS5	['ar-AE', 'ar-BH', 'ar-KW', 'ar-LB', 'ar-OM', 'ar-QA', 'ar-SA', 'da-DK', 'de-AT', 'de-CH', 'de-DE', 'de-LU', 'en-AE', 'en-AU', 'en-BG', 'en-BH', 'en-CY', 'en-CZ', 'en-DK', 'en-FI', 'en-GB', 'en-GR', 'en-HR', 'en-HU', 'en-IE', 'en-IL', 'en-IN', 'en-IS', 'en-KW', 'en-LB', 'en-MT', 'en-NO', 'en-NZ', 'en-OM', 'en-PL', 'en-QA', 'en-RO', 'en-SA', 'en-SE', 'en-SI', 'en-SK', 'en-TR', 'en-ZA', 'es-ES', 'fi-FI', 'fr-BE', 'fr-CH', 'fr-FR', 'fr-LU', 'it-CH', 'it-IT', 'nl-BE', 'nl-NL', 'no-NO', 'pl-PL', 'pt-PT', 'ru-RU', 'ru-UA', 'sv-SE', 'tr-TR']
MISSING	PPSA02059	HP0082-PPSA02059_00	BALAN WONDERWORLD PS4 and PS5	['en-HK', 'en-ID', 'en-MY', 'en-SG', 'en-TH', 'en-TW', 'ko-KR', 'zh-HK', 'zh-TW']
MISSING	PPSA02057	UP0082-PPSA02057_00	BALAN WONDERWORLD PS4 and PS5	['en-AR', 'en-BR', 'en-CA', 'en-CL', 'en-CO', 'en-MX', 'en-PE', 'en-US', 'es-AR', 'es-BO', 'es-CL', 'es-CO', 'es-CR', 'es-EC', 'es-GT', 'es-HN', 'es-MX', 'es-NI', 'es-PA', 'es-PE', 'es-PY', 'es-SV', 'es-UY', 'fr-CA', 'pt-BR']
MISSING	PPSA01558	JP0102-PPSA01558_00	BIOHAZARD VILLAGE デラックスエディション PS4 and PS5	['ja-JP']
MISSING	PPSA01560	JP0102-PPSA01560_00	BIOHAZARD VILLAGE デラックスエディション Z Version PS4 and PS5	['ja-JP']
	PPSA01463	EP1001-PPSA01463_00-0000000OAKNGSIEE	Borderlands® 3	['ar-AE', 'ar-BH', 'ar-KW', 'ar-LB', 'ar-OM', 'ar-QA', 'ar-SA', 'da-DK', 'de-AT', 'de-CH', 'de-DE', 'de-LU', 'en-AE', 'en-AU', 'en-BG', 'en-BH', 'en-CY', 'en-CZ', 'en-DK', 'en-FI', 'en-GB', 'en-GR', 'en-HR', 'en-HU', 'en-IE', 'en-IL', 'en-IN', 'en-IS', 'en-KW', 'en-LB', 'en-MT', 'en-NO', 'en-NZ', 'en-OM', 'en-PL', 'en-QA', 'en-RO', 'en-SA', 'en-SE', 'en-SI', 'en-SK', 'en-TR', 'en-ZA', 'es-ES', 'fi-FI', 'fr-BE', 'fr-CH', 'fr-FR', 'fr-LU', 'it-CH', 'it-IT', 'nl-BE', 'nl-NL', 'no-NO', 'pl-PL', 'pt-PT', 'ru-RU', 'ru-UA', 'sv-SE', 'tr-TR']
	PPSA01462	UP1001-PPSA01462_00-0000000OAKNGSIEA	Borderlands® 3	['en-AR', 'en-BR', 'en-CA', 'en-CL', 'en-CO', 'en-HK', 'en-ID', 'en-MX', 'en-MY', 'en-PE', 'en-SG', 'en-TH', 'en-TW', 'en-US', 'es-AR', 'es-BO', 'es-CL', 'es-CO', 'es-CR', 'es-EC', 'es-GT', 'es-HN', 'es-MX', 'es-NI', 'es-PA', 'es-PE', 'es-PY', 'es-SV', 'es-UY', 'fr-CA', 'ja-JP', 'ko-KR', 'pt-BR', 'zh-HK', 'zh-TW']
MISSING	PPSA02346	EP0822-PPSA02346_00-BCTWDSIEE0000000	Bridge Constructor: The Walking Dead	['ar-AE', 'ar-BH', 'ar-KW', 'ar-LB', 'ar-OM', 'ar-QA', 'da-DK', 'de-AT', 'de-CH', 'de-DE', 'de-LU', 'en-AE', 'en-AU', 'en-BG', 'en-BH', 'en-CY', 'en-CZ', 'en-DK', 'en-FI', 'en-GB', 'en-GR', 'en-HR', 'en-HU', 'en-IE', 'en-IL', 'en-IN', 'en-IS', 'en-KW', 'en-LB', 'en-MT', 'en-NO', 'en-NZ', 'en-OM', 'en-PL', 'en-QA', 'en-RO', 'en-SE', 'en-SI', 'en-SK', 'en-TR', 'en-ZA', 'es-ES', 'fi-FI', 'fr-BE', 'fr-CH', 'fr-FR', 'fr-LU', 'it-CH', 'it-IT', 'nl-BE', 'nl-NL', 'no-NO', 'pl-PL', 'pt-PT', 'ru-RU', 'ru-UA', 'sv-SE', 'tr-TR']
MISSING	PPSA02347	UP0825-PPSA02347_00-BCTWDSIEA0000000	Bridge Constructor: The Walking Dead	['en-AR', 'en-BR', 'en-CA', 'en-CL', 'en-CO', 'en-MX', 'en-PE', 'en-US', 'es-AR', 'es-BO', 'es-CL', 'es-CO', 'es-CR', 'es-EC', 'es-GT', 'es-HN', 'es-MX', 'es-NI', 'es-PA', 'es-PE', 'es-PY', 'es-SV', 'es-UY', 'fr-CA', 'pt-BR']
MISSING	PPSA01503	EP2104-PPSA01503_00-BSNAX60962576975	Bugsnax	['ar-AE', 'ar-BH', 'ar-KW', 'ar-LB', 'ar-OM', 'ar-QA', 'da-DK', 'de-AT', 'de-CH', 'de-DE', 'de-LU', 'en-AE', 'en-AU', 'en-BG', 'en-BH', 'en-CY', 'en-CZ', 'en-DK', 'en-FI', 'en-GB', 'en-GR', 'en-HR', 'en-HU', 'en-IE', 'en-IL', 'en-IN', 'en-IS', 'en-KW', 'en-LB', 'en-MT', 'en-NO', 'en-NZ', 'en-OM', 'en-PL', 'en-QA', 'en-RO', 'en-SE', 'en-SI', 'en-SK', 'en-TR', 'en-ZA', 'es-ES', 'fi-FI', 'fr-BE', 'fr-CH', 'fr-FR', 'fr-LU', 'it-CH', 'it-IT', 'nl-BE', 'nl-NL', 'no-NO', 'pl-PL', 'pt-PT', 'ru-RU', 'ru-UA', 'sv-SE', 'tr-TR']
	PPSA01540	HP2104-PPSA01540_00-BSNAX16543620005	Bugsnax	['en-HK', 'en-ID', 'en-MY', 'en-SG', 'en-TH', 'en-TW', 'ko-KR', 'zh-HK', 'zh-TW']
	PPSA01539	JP1511-PPSA01539_00-BSNAX27592500802	Bugsnax	['ja-JP']
	PPSA01502	UP2104-PPSA01502_00-BSNAX92769600533	Bugsnax	['en-AR', 'en-BR', 'en-CA', 'en-CL', 'en-CO', 'en-MX', 'en-PE', 'en-US', 'es-AR', 'es-BO', 'es-CL', 'es-CO', 'es-CR', 'es-EC', 'es-GT', 'es-HN', 'es-MX', 'es-NI', 'es-PA', 'es-PE', 'es-PY', 'es-SV', 'es-UY', 'fr-CA', 'pt-BR']
	PPSA02050	EP0002-PPSA02050_00-CODCWTHEGAME0001	Call of Duty®: Black Ops Cold War	['da-DK', 'de-AT', 'de-CH', 'de-DE', 'de-LU', 'en-AU', 'en-BG', 'en-CY', 'en-CZ', 'en-DK', 'en-FI', 'en-GB', 'en-GR', 'en-HR', 'en-HU', 'en-IE', 'en-IL', 'en-IN', 'en-IS', 'en-MT', 'en-NO', 'en-NZ', 'en-PL', 'en-RO', 'en-SE', 'en-SI', 'en-SK', 'en-TR', 'en-ZA', 'es-ES', 'fi-FI', 'fr-BE', 'fr-CH', 'fr-FR', 'fr-LU', 'it-CH', 'it-IT', 'nl-BE', 'nl-NL', 'no-NO', 'pl-PL', 'pt-PT', 'ru-RU', 'ru-UA', 'sv-SE', 'tr-TR']
	PPSA02051	EP0002-PPSA02051_00-CODCWTHEGAME0001	Call of Duty®: Black Ops Cold War	['ar-AE', 'ar-BH', 'ar-KW', 'ar-LB', 'ar-OM', 'ar-QA', 'ar-SA', 'en-AE', 'en-BH', 'en-KW', 'en-LB', 'en-OM', 'en-QA', 'en-SA']
MISSING	PPSA02053	HP0002-PPSA02053_00-CODCWTHEGAME0001	Call of Duty®: Black Ops Cold War	['en-HK', 'en-ID', 'en-MY', 'en-SG', 'en-TH', 'en-TW', 'ko-KR', 'zh-HK', 'zh-TW']
	PPSA02052	JP9201-PPSA02052_00-CODCWTHEGAME0001	Call of Duty®: Black Ops Cold War	['ja-JP']
	PPSA01628	UP0002-PPSA01628_00-CODCWTHEGAME0001	Call of Duty®: Black Ops Cold War	['en-AR', 'en-BR', 'en-CA', 'en-CL', 'en-CO', 'en-MX', 'en-PE', 'en-US', 'es-AR', 'es-BO', 'es-CL', 'es-CO', 'es-CR', 'es-EC', 'es-GT', 'es-HN', 'es-MX', 'es-NI', 'es-PA', 'es-PE', 'es-PY', 'es-SV', 'es-UY', 'fr-CA', 'pt-BR']
MISSING	PPSA02277	EP0896-PPSA02277_00-RATACONCEPTDESTR	Concept Destruction	['ar-AE', 'ar-BH', 'ar-KW', 'ar-LB', 'ar-OM', 'ar-QA', 'da-DK', 'de-AT', 'de-CH', 'de-DE', 'de-LU', 'en-AE', 'en-AU', 'en-BG', 'en-BH', 'en-CY', 'en-CZ', 'en-DK', 'en-FI', 'en-GB', 'en-GR', 'en-HR', 'en-HU', 'en-IE', 'en-IL', 'en-IN', 'en-IS', 'en-KW', 'en-LB', 'en-MT', 'en-NO', 'en-NZ', 'en-OM', 'en-PL', 'en-QA', 'en-RO', 'en-SE', 'en-SI', 'en-SK', 'en-TR', 'en-ZA', 'es-ES', 'fi-FI', 'fr-BE', 'fr-CH', 'fr-FR', 'fr-LU', 'it-CH', 'it-IT', 'nl-BE', 'nl-NL', 'no-NO', 'pl-PL', 'pt-PT', 'ru-RU', 'ru-UA', 'sv-SE', 'tr-TR']
MISSING	PPSA02298	HP2005-PPSA02298_00-CONCEPTDESTRUCTN	Concept Destruction	['en-HK', 'en-ID', 'en-MY', 'en-SG', 'en-TH', 'en-TW', 'ko-KR', 'zh-HK', 'zh-TW']
MISSING	PPSA02278	UP0891-PPSA02278_00-RATACONCEPTDESTR	Concept Destruction	['en-AR', 'en-BR', 'en-CA', 'en-CL', 'en-CO', 'en-MX', 'en-PE', 'en-US', 'es-AR', 'es-BO', 'es-CL', 'es-CO', 'es-CR', 'es-EC', 'es-GT', 'es-HN', 'es-MX', 'es-NI', 'es-PA', 'es-PE', 'es-PY', 'es-SV', 'es-UY', 'fr-CA', 'pt-BR']
	PPSA01951	EP4040-PPSA01951_00-CONTROLUEPS50000	Control Ultimate Edition	['ar-AE', 'ar-BH', 'ar-KW', 'ar-LB', 'ar-OM', 'ar-QA', 'ar-SA', 'da-DK', 'de-AT', 'de-CH', 'de-DE', 'de-LU', 'en-AE', 'en-AU', 'en-BG', 'en-BH', 'en-CY', 'en-CZ', 'en-DK', 'en-FI', 'en-GB', 'en-GR', 'en-HK', 'en-HR', 'en-HU', 'en-ID', 'en-IE', 'en-IL', 'en-IN', 'en-IS', 'en-KW', 'en-LB', 'en-MT', 'en-MY', 'en-NO', 'en-NZ', 'en-OM', 'en-PL', 'en-QA', 'en-RO', 'en-SA', 'en-SE', 'en-SG', 'en-SI', 'en-SK', 'en-TH', 'en-TR', 'en-TW', 'en-ZA', 'es-ES', 'fi-FI', 'fr-BE', 'fr-CH', 'fr-FR', 'fr-LU', 'it-CH', 'it-IT', 'ko-KR', 'nl-BE', 'nl-NL', 'no-NO', 'pl-PL', 'pt-PT', 'ru-RU', 'ru-UA', 'sv-SE', 'tr-TR', 'zh-HK', 'zh-TW']
	PPSA01954	JP0507-PPSA01954_00-CONTROLUEPS50000	Control Ultimate Edition	['ja-JP']
	PPSA01949	UP4040-PPSA01949_00-CONTROLUEPS50000	Control Ultimate Edition	['en-AR', 'en-BR', 'en-CA', 'en-CL', 'en-CO', 'en-HK', 'en-ID', 'en-MX', 'en-MY', 'en-PE', 'en-SG', 'en-TH', 'en-TW', 'en-US', 'es-AR', 'es-BO', 'es-CL', 'es-CO', 'es-CR', 'es-EC', 'es-GT', 'es-HN', 'es-MX', 'es-NI', 'es-PA', 'es-PE', 'es-PY', 'es-SV', 'es-UY', 'fr-CA', 'pt-BR', 'zh-HK', 'zh-TW']
MISSING	PPSA02753	EP4403-PPSA02753_00-CRIMSONLAND00000	Crimsonland	['ar-AE', 'ar-BH', 'ar-KW', 'ar-LB', 'ar-OM', 'ar-QA', 'da-DK', 'de-AT', 'de-CH', 'de-DE', 'de-LU', 'en-AE', 'en-AU', 'en-BG', 'en-BH', 'en-CY', 'en-CZ', 'en-DK', 'en-FI', 'en-GB', 'en-GR', 'en-HR', 'en-HU', 'en-IE', 'en-IL', 'en-IN', 'en-IS', 'en-KW', 'en-LB', 'en-MT', 'en-NO', 'en-NZ', 'en-OM', 'en-PL', 'en-QA', 'en-RO', 'en-SE', 'en-SI', 'en-SK', 'en-TR', 'en-ZA', 'es-ES', 'fi-FI', 'fr-BE', 'fr-CH', 'fr-FR', 'fr-LU', 'it-CH', 'it-IT', 'nl-BE', 'nl-NL', 'no-NO', 'pl-PL', 'pt-PT', 'ru-RU', 'ru-UA', 'sv-SE', 'tr-TR']
MISSING	PPSA02752	UP4403-PPSA02752_00-CRIMSONLAND00000	Crimsonland	['en-AR', 'en-BR', 'en-CA', 'en-CL', 'en-CO', 'en-MX', 'en-PE', 'en-US', 'es-AR', 'es-BO', 'es-CL', 'es-CO', 'es-CR', 'es-EC', 'es-GT', 'es-HN', 'es-MX', 'es-NI', 'es-PA', 'es-PE', 'es-PY', 'es-SV', 'es-UY', 'fr-CA', 'pt-BR']
	PPSA01965	EP4432-PPSA01965_00-2179514901178236	CRSED	[]
	PPSA02189	JP1201-PPSA02189_00-7950242514954200	CRSED	['ja-JP']
	PPSA01966	UP4432-PPSA01966_00-7443176555436739	CRSED	['en-AR', 'en-BR', 'en-CA', 'en-CL', 'en-CO', 'en-MX', 'en-PE', 'en-US', 'es-AR', 'es-BO', 'es-CL', 'es-CO', 'es-CR', 'es-EC', 'es-GT', 'es-HN', 'es-MX', 'es-NI', 'es-PA', 'es-PE', 'es-PY', 'es-SV', 'es-UY', 'fr-CA', 'pt-BR']
MISSING	PPSA01883	EP8903-PPSA01883_00-CYBERSHADOW00001	Cyber Shadow	['ar-AE', 'ar-BH', 'ar-KW', 'ar-LB', 'ar-OM', 'ar-QA', 'da-DK', 'de-AT', 'de-CH', 'de-DE', 'de-LU', 'en-AE', 'en-AU', 'en-BG', 'en-BH', 'en-CY', 'en-CZ', 'en-DK', 'en-FI', 'en-GB', 'en-GR', 'en-HR', 'en-HU', 'en-IE', 'en-IL', 'en-IN', 'en-IS', 'en-KW', 'en-LB', 'en-MT', 'en-NO', 'en-NZ', 'en-OM', 'en-PL', 'en-QA', 'en-RO', 'en-SE', 'en-SI', 'en-SK', 'en-TR', 'en-ZA', 'es-ES', 'fi-FI', 'fr-BE', 'fr-CH', 'fr-FR', 'fr-LU', 'it-CH', 'it-IT', 'nl-BE', 'nl-NL', 'no-NO', 'pl-PL', 'pt-PT', 'ru-RU', 'ru-UA', 'sv-SE', 'tr-TR']
	PPSA01882	UP2200-PPSA01882_00-CYBERSHADOW00001	Cyber Shadow	['en-AR', 'en-BR', 'en-CA', 'en-CL', 'en-CO', 'en-HK', 'en-ID', 'en-MX', 'en-MY', 'en-PE', 'en-SG', 'en-TH', 'en-TW', 'en-US', 'es-AR', 'es-BO', 'es-CL', 'es-CO', 'es-CR', 'es-EC', 'es-GT', 'es-HN', 'es-MX', 'es-NI', 'es-PA', 'es-PE', 'es-PY', 'es-SV', 'es-UY', 'fr-CA', 'ja-JP', 'pt-BR', 'zh-HK', 'zh-TW']
	PPSA02049	EP3367-PPSA02049_00-DEADBYDAYLIGHT00	Dead by Daylight	['ar-AE', 'ar-BH', 'ar-KW', 'ar-LB', 'ar-OM', 'ar-QA', 'ar-SA', 'da-DK', 'de-AT', 'de-CH', 'de-DE', 'de-LU', 'en-AE', 'en-AU', 'en-BG', 'en-BH', 'en-CY', 'en-CZ', 'en-DK', 'en-FI', 'en-GB', 'en-GR', 'en-HR', 'en-HU', 'en-IE', 'en-IL', 'en-IN', 'en-IS', 'en-KW', 'en-LB', 'en-MT', 'en-NO', 'en-NZ', 'en-OM', 'en-PL', 'en-QA', 'en-RO', 'en-SA', 'en-SE', 'en-SI', 'en-SK', 'en-TR', 'en-ZA', 'es-ES', 'fi-FI', 'fr-BE', 'fr-CH', 'fr-FR', 'fr-LU', 'it-CH', 'it-IT', 'nl-BE', 'nl-NL', 'no-NO', 'pl-PL', 'pt-PT', 'ru-RU', 'ru-UA', 'sv-SE', 'tr-TR']
	PPSA02048	UP3509-PPSA02048_00-DEADBYDAYLIGHT00	Dead by Daylight	['en-AR', 'en-BR', 'en-CA', 'en-CL', 'en-CO', 'en-HK', 'en-ID', 'en-MX', 'en-MY', 'en-PE', 'en-SG', 'en-TH', 'en-TW', 'en-US', 'es-AR', 'es-BO', 'es-CL', 'es-CO', 'es-CR', 'es-EC', 'es-GT', 'es-HN', 'es-MX', 'es-NI', 'es-PA', 'es-PE', 'es-PY', 'es-SV', 'es-UY', 'fr-CA', 'ja-JP', 'ko-KR', 'pt-BR', 'zh-HK', 'zh-TW']
MISSING	PPSA01670	EP1003-PPSA01670_00	DEATHLOOP Deluxe Edition	['da-DK', 'de-AT', 'de-CH', 'de-DE', 'de-LU', 'en-AU', 'en-BG', 'en-CY', 'en-CZ', 'en-DK', 'en-FI', 'en-GB', 'en-GR', 'en-HR', 'en-HU', 'en-IE', 'en-IL', 'en-IN', 'en-IS', 'en-MT', 'en-NO', 'en-NZ', 'en-PL', 'en-RO', 'en-SE', 'en-SI', 'en-SK', 'en-TR', 'en-ZA', 'es-ES', 'fi-FI', 'fr-BE', 'fr-CH', 'fr-FR', 'fr-LU', 'it-CH', 'it-IT', 'nl-BE', 'nl-NL', 'no-NO', 'pl-PL', 'pt-PT', 'ru-RU', 'ru-UA', 'sv-SE', 'tr-TR']
MISSING	PPSA03062	EP1003-PPSA03062_00	DEATHLOOP Deluxe Edition	['ar-AE', 'ar-BH', 'ar-KW', 'ar-LB', 'ar-OM', 'ar-QA', 'ar-SA', 'en-AE', 'en-BH', 'en-KW', 'en-LB', 'en-OM', 'en-QA', 'en-SA']
MISSING	PPSA02532	HP1003-PPSA02532_00	DEATHLOOP Deluxe Edition	['en-HK', 'en-ID', 'en-MY', 'en-SG', 'en-TH', 'en-TW', 'ko-KR', 'zh-HK', 'zh-TW']
MISSING	PPSA02533	JP0262-PPSA02533_00	DEATHLOOP Deluxe Edition	['ja-JP']
MISSING	PPSA01302	UP1003-PPSA01302_00	DEATHLOOP Deluxe Edition	['en-AR', 'en-BR', 'en-CA', 'en-CL', 'en-CO', 'en-MX', 'en-PE', 'en-US', 'es-AR', 'es-BO', 'es-CL', 'es-CO', 'es-CR', 'es-EC', 'es-GT', 'es-HN', 'es-MX', 'es-NI', 'es-PA', 'es-PE', 'es-PY', 'es-SV', 'es-UY', 'fr-CA', 'pt-BR']
MISSING	PPSA01341	EP9000-PPSA01341_00-DEMONSSOULS00000	Demon's Souls	['ar-AE', 'ar-BH', 'ar-KW', 'ar-LB', 'ar-OM', 'ar-QA', 'ar-SA', 'da-DK', 'de-AT', 'de-CH', 'de-DE', 'de-LU', 'en-AE', 'en-AU', 'en-BG', 'en-BH', 'en-CY', 'en-CZ', 'en-DK', 'en-FI', 'en-GB', 'en-GR', 'en-HR', 'en-HU', 'en-IE', 'en-IL', 'en-IN', 'en-IS', 'en-KW', 'en-LB', 'en-MT', 'en-NO', 'en-NZ', 'en-OM', 'en-PL', 'en-QA', 'en-RO', 'en-SA', 'en-SE', 'en-SI', 'en-SK', 'en-TR', 'en-ZA', 'es-ES', 'fi-FI', 'fr-BE', 'fr-CH', 'fr-FR', 'fr-LU', 'it-CH', 'it-IT', 'nl-BE', 'nl-NL', 'no-NO', 'pl-PL', 'pt-PT', 'ru-RU', 'ru-UA', 'sv-SE', 'tr-TR']
MISSING	PPSA01340	HP9000-PPSA01340_00-DEMONSSOULS00000	Demon's Souls	['en-HK', 'en-ID', 'en-MY', 'en-SG', 'en-TH', 'en-TW', 'ko-KR', 'zh-HK', 'zh-TW']
	PPSA01339	JP9000-PPSA01339_00-DEMONSSOULS00000	Demon's Souls	['ja-JP']
	PPSA01342	UP9000-PPSA01342_00-DEMONSSOULS00000	Demon's Souls	['en-AR', 'en-BR', 'en-CA', 'en-CL', 'en-CO', 'en-MX', 'en-PE', 'en-US', 'es-AR', 'es-BO', 'es-CL', 'es-CO', 'es-CR', 'es-EC', 'es-GT', 'es-HN', 'es-MX', 'es-NI', 'es-PA', 'es-PE', 'es-PY', 'es-SV', 'es-UY', 'fr-CA', 'pt-BR']
MISSING	PPSA01690	EP9000-PPSA01690_00-DEMONSSOULSMUSIC	Demon's Souls Original Soundtrack	['ar-AE', 'ar-BH', 'ar-KW', 'ar-LB', 'ar-OM', 'ar-QA', 'ar-SA', 'da-DK', 'de-AT', 'de-CH', 'de-DE', 'de-LU', 'en-AE', 'en-AU', 'en-BG', 'en-BH', 'en-CY', 'en-CZ', 'en-DK', 'en-FI', 'en-GB', 'en-GR', 'en-HR', 'en-HU', 'en-IE', 'en-IL', 'en-IN', 'en-IS', 'en-KW', 'en-LB', 'en-MT', 'en-NO', 'en-NZ', 'en-OM', 'en-PL', 'en-QA', 'en-RO', 'en-SA', 'en-SE', 'en-SI', 'en-SK', 'en-TR', 'en-ZA', 'es-ES', 'fi-FI', 'fr-BE', 'fr-CH', 'fr-FR', 'fr-LU', 'it-CH', 'it-IT', 'nl-BE', 'nl-NL', 'no-NO', 'pl-PL', 'pt-PT', 'ru-RU', 'ru-UA', 'sv-SE', 'tr-TR']
MISSING	PPSA01689	HP9000-PPSA01689_00-DEMONSSOULSMUSIC	Demon's Souls Original Soundtrack	['en-HK', 'en-ID', 'en-MY', 'en-SG', 'en-TH', 'en-TW', 'ko-KR', 'zh-HK', 'zh-TW']
MISSING	PPSA01678	JP9000-PPSA01678_00-DEMONSSOULSMUSIC	Demon's Souls Original Soundtrack	['ja-JP']
MISSING	PPSA01691	UP9000-PPSA01691_00-DEMONSSOULSMUSIC	Demon's Souls Original Soundtrack	['en-AR', 'en-BR', 'en-CA', 'en-CL', 'en-CO', 'en-MX', 'en-PE', 'en-US', 'es-AR', 'es-BO', 'es-CL', 'es-CO', 'es-CR', 'es-EC', 'es-GT', 'es-HN', 'es-MX', 'es-NI', 'es-PA', 'es-PE', 'es-PY', 'es-SV', 'es-UY', 'fr-CA', 'pt-BR']
	PPSA02410	EP0002-PPSA02410_00-DESTINYTHEGAME02	Destiny 2	['de-DE']
	PPSA02411	JP9200-PPSA02411_00-DESTINYTHEGAME02	Destiny 2	['en-HK', 'en-ID', 'en-MY', 'en-SG', 'en-TH', 'en-TW', 'ja-JP', 'ko-KR', 'zh-HK', 'zh-TW']
	PPSA02409	UP0002-PPSA02409_00-DESTINYTHEGAME02	Destiny 2	['en-AR', 'en-BR', 'en-CA', 'en-CL', 'en-CO', 'en-MX', 'en-PE', 'en-US', 'es-AR', 'es-BO', 'es-CL', 'es-CO', 'es-CR', 'es-EC', 'es-GT', 'es-HN', 'es-MX', 'es-NI', 'es-PA', 'es-PE', 'es-PY', 'es-SV', 'es-UY', 'fr-CA', 'pt-BR']
MISSING	PPSA02712	UP9000-PPSA02712_00	Destruction AllStars	['en-AR', 'en-BR', 'en-CA', 'en-CL', 'en-CO', 'en-MX', 'en-PE', 'en-US', 'es-AR', 'es-BO', 'es-CL', 'es-CO', 'es-CR', 'es-EC', 'es-GT', 'es-HN', 'es-MX', 'es-NI', 'es-PA', 'es-PE', 'es-PY', 'es-SV', 'es-UY', 'fr-CA', 'pt-BR']
	PPSA02630	EP9000-PPSA02630_00-DALLSTARSPLUS001	Destruction AllStars™	[]
	PPSA02714	HP9000-PPSA02714_00-DALLSTARSPLUS001	Destruction AllStars™	['en-HK', 'en-ID', 'en-MY', 'en-SG', 'en-TH', 'en-TW', 'ko-KR', 'zh-HK', 'zh-TW']
	PPSA02713	JP9000-PPSA02713_00-DALLSTARSPLUS001	Destruction AllStars™	['ja-JP']
MISSING	PPSA01443	EP0102-PPSA01443_00-DMC5000000000001	Devil May Cry 5 Special Edition	['ar-AE', 'ar-BH', 'ar-KW', 'ar-LB', 'ar-OM', 'ar-QA', 'ar-SA', 'da-DK', 'de-AT', 'de-CH', 'de-DE', 'de-LU', 'en-AE', 'en-AU', 'en-BG', 'en-BH', 'en-CY', 'en-CZ', 'en-DK', 'en-FI', 'en-GB', 'en-GR', 'en-HR', 'en-HU', 'en-IE', 'en-IL', 'en-IN', 'en-IS', 'en-KW', 'en-LB', 'en-MT', 'en-NO', 'en-NZ', 'en-OM', 'en-PL', 'en-QA', 'en-RO', 'en-SA', 'en-SE', 'en-SI', 'en-SK', 'en-TR', 'en-ZA', 'es-ES', 'fi-FI', 'fr-BE', 'fr-CH', 'fr-FR', 'fr-LU', 'it-CH', 'it-IT', 'nl-BE', 'nl-NL', 'no-NO', 'pl-PL', 'pt-PT', 'ru-RU', 'ru-UA', 'sv-SE', 'tr-TR']
	PPSA01444	JP0102-PPSA01444_00-DMC5000000000001	Devil May Cry 5 Special Edition	['ja-JP']
	PPSA01442	UP0102-PPSA01442_00-DMC5000000000001	Devil May Cry 5 Special Edition	['en-AR', 'en-BR', 'en-CA', 'en-CL', 'en-CO', 'en-HK', 'en-ID', 'en-MX', 'en-MY', 'en-PE', 'en-SG', 'en-TH', 'en-TW', 'en-US', 'es-AR', 'es-BO', 'es-CL', 'es-CO', 'es-CR', 'es-EC', 'es-GT', 'es-HN', 'es-MX', 'es-NI', 'es-PA', 'es-PE', 'es-PY', 'es-SV', 'es-UY', 'fr-CA', 'ko-KR', 'pt-BR', 'zh-HK', 'zh-TW']
	PPSA01551	EP4001-PPSA01551_00-DIRTFIVEPS5EDITI	DIRT5	['ar-AE', 'ar-BH', 'ar-KW', 'ar-LB', 'ar-OM', 'ar-QA', 'ar-SA', 'da-DK', 'de-AT', 'de-CH', 'de-DE', 'de-LU', 'en-AE', 'en-AU', 'en-BG', 'en-BH', 'en-CY', 'en-CZ', 'en-DK', 'en-FI', 'en-GB', 'en-GR', 'en-HR', 'en-HU', 'en-IE', 'en-IL', 'en-IN', 'en-IS', 'en-KW', 'en-LB', 'en-MT', 'en-NO', 'en-NZ', 'en-OM', 'en-PL', 'en-QA', 'en-RO', 'en-SA', 'en-SE', 'en-SI', 'en-SK', 'en-TR', 'en-ZA', 'es-ES', 'fi-FI', 'fr-BE', 'fr-CH', 'fr-FR', 'fr-LU', 'it-CH', 'it-IT', 'nl-BE', 'nl-NL', 'no-NO', 'pl-PL', 'pt-PT', 'ru-RU', 'ru-UA', 'sv-SE', 'tr-TR']
	PPSA01552	UP4001-PPSA01552_00-DIRTFIVEPS5EDITI	DIRT5	['en-AR', 'en-BR', 'en-CA', 'en-CL', 'en-CO', 'en-MX', 'en-PE', 'en-US', 'es-AR', 'es-BO', 'es-CL', 'es-CO', 'es-CR', 'es-EC', 'es-GT', 'es-HN', 'es-MX', 'es-NI', 'es-PA', 'es-PE', 'es-PY', 'es-SV', 'es-UY', 'fr-CA', 'pt-BR']
MISSING	PPSA01870	EP0001-PPSA01870_00	Far Cry 6	[]
MISSING	PPSA01874	EP0001-PPSA01874_00	Far Cry 6	[]
MISSING	PPSA01875	EP0001-PPSA01875_00	Far Cry 6	[]
MISSING	PPSA01877	JP0001-PPSA01877_00	Far Cry 6	[]
MISSING	PPSA01876	UP0001-PPSA01876_00	Far Cry 6	[]
	PPSA01326	EP0006-PPSA01326_00-FIFAFOOTBALL2021	FIFA 21	['ar-AE', 'ar-BH', 'ar-KW', 'ar-LB', 'ar-OM', 'ar-QA', 'ar-SA', 'da-DK', 'de-AT', 'de-CH', 'de-DE', 'de-LU', 'en-AE', 'en-AU', 'en-BG', 'en-BH', 'en-CY', 'en-CZ', 'en-DK', 'en-FI', 'en-GB', 'en-GR', 'en-HK', 'en-HR', 'en-HU', 'en-ID', 'en-IE', 'en-IL', 'en-IN', 'en-IS', 'en-KW', 'en-LB', 'en-MT', 'en-MY', 'en-NO', 'en-NZ', 'en-OM', 'en-PL', 'en-QA', 'en-RO', 'en-SA', 'en-SE', 'en-SG', 'en-SI', 'en-SK', 'en-TH', 'en-TR', 'en-TW', 'en-ZA', 'es-ES', 'fi-FI', 'fr-BE', 'fr-CH', 'fr-FR', 'fr-LU', 'it-CH', 'it-IT', 'ja-JP', 'ko-KR', 'nl-BE', 'nl-NL', 'no-NO', 'pl-PL', 'pt-PT', 'ru-RU', 'ru-UA', 'sv-SE', 'tr-TR', 'zh-HK', 'zh-TW']
	PPSA01430	EP0006-PPSA01430_00-FIFAFOOTBALL2021	FIFA 21	['en-BG', 'en-CY', 'en-CZ', 'en-GR', 'en-HR', 'en-HU', 'en-IL', 'en-IN', 'en-PL', 'en-RO', 'en-SI', 'en-SK', 'en-TR', 'en-ZA', 'pl-PL', 'ru-RU', 'ru-UA', 'tr-TR']
	PPSA01431	EP0006-PPSA01431_00-FIFAFOOTBALL2021	FIFA 21	['ar-AE', 'ar-BH', 'ar-KW', 'ar-LB', 'ar-OM', 'ar-QA', 'ar-SA', 'en-AE', 'en-BH', 'en-KW', 'en-LB', 'en-OM', 'en-QA', 'en-SA']
	PPSA01432	EP0006-PPSA01432_00-FIFAFOOTBALL2021	FIFA 21	['en-HK', 'en-ID', 'en-MY', 'en-SG', 'en-TH', 'en-TW', 'ja-JP', 'ko-KR', 'zh-HK', 'zh-TW']
	PPSA01327	UP0006-PPSA01327_00-FIFAFOOTBALL2021	FIFA 21	['en-AR', 'en-BR', 'en-CA', 'en-CL', 'en-CO', 'en-MX', 'en-PE', 'en-US', 'es-AR', 'es-BO', 'es-CL', 'es-CO', 'es-CR', 'es-EC', 'es-GT', 'es-HN', 'es-MX', 'es-NI', 'es-PA', 'es-PE', 'es-PY', 'es-SV', 'es-UY', 'fr-CA', 'pt-BR']
	PPSA01433	UP0006-PPSA01433_00-FIFAFOOTBALL2021	FIFA 21	['en-BR', 'pt-BR']
	PPSA01923	EP1464-PPSA01923_00-FORTNITETESTING2	Fortnite	[]
	PPSA01922	UP1477-PPSA01922_00-FORTNITETESTING2	Fortnite	['en-AR', 'en-BR', 'en-CA', 'en-CL', 'en-CO', 'en-ID', 'en-MX', 'en-MY', 'en-PE', 'en-SG', 'en-TH', 'en-US', 'es-AR', 'es-BO', 'es-CL', 'es-CO', 'es-CR', 'es-EC', 'es-GT', 'es-HN', 'es-MX', 'es-NI', 'es-PA', 'es-PE', 'es-PY', 'es-SV', 'es-UY', 'fr-CA', 'ja-JP', 'ko-KR', 'pt-BR']
MISSING	PPSA02654	EP0896-PPSA02654_00-RGFREDDYSPAGHETT	Freddy Spaghetti	['ar-AE', 'ar-BH', 'ar-KW', 'ar-LB', 'ar-OM', 'ar-QA', 'da-DK', 'de-AT', 'de-CH', 'de-DE', 'de-LU', 'en-AE', 'en-AU', 'en-BG', 'en-BH', 'en-CY', 'en-CZ', 'en-DK', 'en-FI', 'en-GB', 'en-GR', 'en-HR', 'en-HU', 'en-IE', 'en-IL', 'en-IN', 'en-IS', 'en-KW', 'en-LB', 'en-MT', 'en-NO', 'en-NZ', 'en-OM', 'en-PL', 'en-QA', 'en-RO', 'en-SE', 'en-SI', 'en-SK', 'en-TR', 'en-ZA', 'es-ES', 'fi-FI', 'fr-BE', 'fr-CH', 'fr-FR', 'fr-LU', 'it-CH', 'it-IT', 'nl-BE', 'nl-NL', 'no-NO', 'pl-PL', 'pt-PT', 'ru-RU', 'ru-UA', 'sv-SE', 'tr-TR']
MISSING	PPSA02657	HP2005-PPSA02657_00-FREDDYSPAGHETTI0	Freddy Spaghetti	['en-HK', 'en-ID', 'en-MY', 'en-SG', 'en-TH', 'en-TW', 'zh-HK', 'zh-TW']
MISSING	PPSA02655	UP0891-PPSA02655_00-RGFREDDYSPAGHETT	Freddy Spaghetti	['en-AR', 'en-BR', 'en-CA', 'en-CL', 'en-CO', 'en-MX', 'en-PE', 'en-US', 'es-AR', 'es-BO', 'es-CL', 'es-CO', 'es-CR', 'es-EC', 'es-GT', 'es-HN', 'es-MX', 'es-NI', 'es-PA', 'es-PE', 'es-PY', 'es-SV', 'es-UY', 'fr-CA', 'pt-BR']
	PPSA01565	JP0031-PPSA01565_00-GOGOGOJIGENNEPR1	Go!Go!5次元GAME ネプテューヌ re★Verse	['ja-JP']
MISSING	PPSA01349	EP0290-PPSA01349_00-GODFALL000000000	Godfall	['ar-AE', 'ar-BH', 'ar-KW', 'ar-LB', 'ar-OM', 'ar-QA', 'ar-SA', 'da-DK', 'de-AT', 'de-CH', 'de-DE', 'de-LU', 'en-AE', 'en-AU', 'en-BG', 'en-BH', 'en-CY', 'en-CZ', 'en-DK', 'en-FI', 'en-GB', 'en-GR', 'en-HR', 'en-HU', 'en-IE', 'en-IL', 'en-IN', 'en-IS', 'en-KW', 'en-LB', 'en-MT', 'en-NO', 'en-NZ', 'en-OM', 'en-PL', 'en-QA', 'en-RO', 'en-SA', 'en-SE', 'en-SI', 'en-SK', 'en-TR', 'en-ZA', 'es-ES', 'fi-FI', 'fr-BE', 'fr-CH', 'fr-FR', 'fr-LU', 'it-CH', 'it-IT', 'nl-BE', 'nl-NL', 'no-NO', 'pl-PL', 'pt-PT', 'ru-RU', 'ru-UA', 'sv-SE', 'tr-TR']
	PPSA01347	UP0292-PPSA01347_00-GODFALL000000000	Godfall	['en-AR', 'en-BR', 'en-CA', 'en-CL', 'en-CO', 'en-HK', 'en-ID', 'en-MX', 'en-MY', 'en-PE', 'en-SG', 'en-TH', 'en-TW', 'en-US', 'es-AR', 'es-BO', 'es-CL', 'es-CO', 'es-CR', 'es-EC', 'es-GT', 'es-HN', 'es-MX', 'es-NI', 'es-PA', 'es-PE', 'es-PY', 'es-SV', 'es-UY', 'fr-CA', 'ja-JP', 'ko-KR', 'pt-BR', 'zh-HK', 'zh-TW']
MISSING	PPSA02010	EP2703-PPSA02010_00-7078943190047982	GoonyaFighter JigglyHapticEdition	['ar-AE', 'ar-BH', 'ar-KW', 'ar-LB', 'ar-OM', 'ar-QA', 'da-DK', 'de-AT', 'de-CH', 'de-DE', 'de-LU', 'en-AE', 'en-AU', 'en-BG', 'en-BH', 'en-CY', 'en-CZ', 'en-DK', 'en-FI', 'en-GB', 'en-GR', 'en-HR', 'en-HU', 'en-IE', 'en-IL', 'en-IN', 'en-IS', 'en-KW', 'en-LB', 'en-MT', 'en-NO', 'en-NZ', 'en-OM', 'en-PL', 'en-QA', 'en-RO', 'en-SE', 'en-SI', 'en-SK', 'en-TR', 'en-ZA', 'es-ES', 'fi-FI', 'fr-BE', 'fr-CH', 'fr-FR', 'fr-LU', 'it-CH', 'it-IT', 'nl-BE', 'nl-NL', 'no-NO', 'pl-PL', 'pt-PT', 'ru-RU', 'ru-UA', 'sv-SE', 'tr-TR']
MISSING	PPSA02011	HP2786-PPSA02011_00-0088253200196841	GoonyaFighter JigglyHapticEdition	['en-HK', 'en-ID', 'en-MY', 'en-SG', 'en-TH', 'en-TW', 'zh-HK', 'zh-TW']
MISSING	PPSA01395	JP0041-PPSA01395_00-1164235001325777	GoonyaFighter JigglyHapticEdition	['ja-JP']
MISSING	PPSA02009	UP2840-PPSA02009_00	GoonyaFighter JigglyHapticEdition	['en-AR', 'en-BR', 'en-CA', 'en-CL', 'en-CO', 'en-MX', 'en-PE', 'en-US', 'es-AR', 'es-BO', 'es-CL', 'es-CO', 'es-CR', 'es-EC', 'es-GT', 'es-HN', 'es-MX', 'es-NI', 'es-PA', 'es-PE', 'es-PY', 'es-SV', 'es-UY', 'fr-CA', 'pt-BR']
MISSING	PPSA02181	UP0036-PPSA02181_00	Guilty Gear -Strive- Ultimate Edition	['en-AR', 'en-BR', 'en-CA', 'en-CL', 'en-CO', 'en-MX', 'en-PE', 'en-US', 'es-AR', 'es-BO', 'es-CL', 'es-CO', 'es-CR', 'es-EC', 'es-GT', 'es-HN', 'es-MX', 'es-NI', 'es-PA', 'es-PE', 'es-PY', 'es-SV', 'es-UY', 'fr-CA', 'pt-BR']
MISSING	PPSA02257	EP0700-PPSA02257_00	Guilty Gear -Strive- Ultimate Edition PS4 and PS5	['ar-AE', 'ar-BH', 'ar-KW', 'ar-LB', 'ar-OM', 'ar-QA', 'ar-SA', 'da-DK', 'de-AT', 'de-CH', 'de-DE', 'de-LU', 'en-AE', 'en-AU', 'en-BG', 'en-BH', 'en-CY', 'en-CZ', 'en-DK', 'en-FI', 'en-GB', 'en-GR', 'en-HR', 'en-HU', 'en-IE', 'en-IL', 'en-IN', 'en-IS', 'en-KW', 'en-LB', 'en-MT', 'en-NO', 'en-NZ', 'en-OM', 'en-PL', 'en-QA', 'en-RO', 'en-SA', 'en-SE', 'en-SI', 'en-SK', 'en-TR', 'en-ZA', 'es-ES', 'fi-FI', 'fr-BE', 'fr-CH', 'fr-FR', 'fr-LU', 'it-CH', 'it-IT', 'nl-BE', 'nl-NL', 'no-NO', 'pl-PL', 'pt-PT', 'ru-RU', 'ru-UA', 'sv-SE', 'tr-TR']
MISSING	PPSA02330	HP5028-PPSA02330_00	Guilty Gear -Strive- Ultimate Edition PS4 and PS5	['en-HK', 'en-ID', 'en-MY', 'en-SG', 'en-TH', 'en-TW', 'zh-HK', 'zh-TW']
MISSING	PPSA02180	JP0036-PPSA02180_00	GUILTY GEAR -STRIVE- デラックスエディション	['ja-JP', 'ko-KR']
MISSING	PPSA01562	EP0771-PPSA01562_00-3682614698353243	Haven	['ar-AE', 'ar-BH', 'ar-KW', 'ar-LB', 'ar-OM', 'ar-QA', 'ar-SA', 'da-DK', 'de-AT', 'de-CH', 'de-DE', 'de-LU', 'en-AE', 'en-AU', 'en-BG', 'en-BH', 'en-CY', 'en-CZ', 'en-DK', 'en-FI', 'en-GB', 'en-GR', 'en-HR', 'en-HU', 'en-IE', 'en-IL', 'en-IN', 'en-IS', 'en-KW', 'en-LB', 'en-MT', 'en-NO', 'en-NZ', 'en-OM', 'en-PL', 'en-QA', 'en-RO', 'en-SA', 'en-SE', 'en-SI', 'en-SK', 'en-TR', 'en-ZA', 'es-ES', 'fi-FI', 'fr-BE', 'fr-CH', 'fr-FR', 'fr-LU', 'it-CH', 'it-IT', 'nl-BE', 'nl-NL', 'no-NO', 'pl-PL', 'pt-PT', 'ru-RU', 'ru-UA', 'sv-SE', 'tr-TR']
MISSING	PPSA02467	HP0918-PPSA02467_00-HAVENPS5SIEJA001	Haven	['en-HK', 'en-ID', 'en-MY', 'en-SG', 'en-TH', 'en-TW', 'zh-HK', 'zh-TW']
MISSING	PPSA01563	JP1072-PPSA01563_00-3195610269641229	Haven	['ja-JP']
	PPSA01561	UP0774-PPSA01561_00-0153114161082772	Haven	['en-AR', 'en-BR', 'en-CA', 'en-CL', 'en-CO', 'en-MX', 'en-PE', 'en-US', 'es-AR', 'es-BO', 'es-CL', 'es-CO', 'es-CR', 'es-EC', 'es-GT', 'es-HN', 'es-MX', 'es-NI', 'es-PA', 'es-PE', 'es-PY', 'es-SV', 'es-UY', 'fr-CA', 'pt-BR']
	PPSA01769	EP3969-PPSA01769_00-HITMANGAME000003	HITMAN 3	['ar-AE', 'ar-BH', 'ar-KW', 'ar-LB', 'ar-OM', 'ar-QA', 'ar-SA', 'da-DK', 'de-AT', 'de-CH', 'de-DE', 'de-LU', 'en-AE', 'en-AU', 'en-BG', 'en-BH', 'en-CY', 'en-CZ', 'en-DK', 'en-FI', 'en-GB', 'en-GR', 'en-HR', 'en-HU', 'en-IE', 'en-IL', 'en-IN', 'en-IS', 'en-KW', 'en-LB', 'en-MT', 'en-NO', 'en-NZ', 'en-OM', 'en-PL', 'en-QA', 'en-RO', 'en-SA', 'en-SE', 'en-SI', 'en-SK', 'en-TR', 'en-ZA', 'es-ES', 'fi-FI', 'fr-BE', 'fr-CH', 'fr-FR', 'fr-LU', 'it-CH', 'it-IT', 'nl-BE', 'nl-NL', 'no-NO', 'pl-PL', 'pt-PT', 'ru-RU', 'ru-UA', 'sv-SE', 'tr-TR']
	PPSA01768	UP4572-PPSA01768_00-HITMANGAME000003	HITMAN 3	['en-AR', 'en-BR', 'en-CA', 'en-CL', 'en-CO', 'en-HK', 'en-ID', 'en-MX', 'en-MY', 'en-PE', 'en-SG', 'en-TH', 'en-TW', 'en-US', 'es-AR', 'es-BO', 'es-CL', 'es-CO', 'es-CR', 'es-EC', 'es-GT', 'es-HN', 'es-MX', 'es-NI', 'es-PA', 'es-PE', 'es-PY', 'es-SV', 'es-UY', 'fr-CA', 'ko-KR', 'pt-BR', 'zh-HK', 'zh-TW']
MISSING	PPSA02169	EP4133-PPSA02169_00	Hood: Outlaws and Legends - Year 1 Edition PS4 and PS5 (Pre-order)	['ar-AE', 'ar-BH', 'ar-KW', 'ar-LB', 'ar-OM', 'ar-QA', 'ar-SA', 'da-DK', 'de-AT', 'de-CH', 'de-DE', 'de-LU', 'en-AE', 'en-AU', 'en-BG', 'en-BH', 'en-CY', 'en-CZ', 'en-DK', 'en-FI', 'en-GB', 'en-GR', 'en-HK', 'en-HR', 'en-HU', 'en-ID', 'en-IE', 'en-IL', 'en-IN', 'en-IS', 'en-KW', 'en-LB', 'en-MT', 'en-MY', 'en-NO', 'en-NZ', 'en-OM', 'en-PL', 'en-QA', 'en-RO', 'en-SA', 'en-SE', 'en-SG', 'en-SI', 'en-SK', 'en-TH', 'en-TR', 'en-TW', 'en-ZA', 'es-ES', 'fi-FI', 'fr-BE', 'fr-CH', 'fr-FR', 'fr-LU', 'it-CH', 'it-IT', 'nl-BE', 'nl-NL', 'no-NO', 'pl-PL', 'pt-PT', 'ru-RU', 'ru-UA', 'sv-SE', 'tr-TR', 'zh-HK', 'zh-TW']
MISSING	PPSA02170	UP4133-PPSA02170_00	Hood: Outlaws and Legends - Year 1 Edition PS4 and PS5 (Pre-order)	['en-AR', 'en-BR', 'en-CA', 'en-CL', 'en-CO', 'en-MX', 'en-PE', 'en-US', 'es-AR', 'es-BO', 'es-CL', 'es-CO', 'es-CR', 'es-EC', 'es-GT', 'es-HN', 'es-MX', 'es-NI', 'es-PA', 'es-PE', 'es-PY', 'es-SV', 'es-UY', 'fr-CA', 'pt-BR']
	PPSA01506	EP0001-PPSA01506_00-GAME000000000000	Immortals Fenyx Rising ™	['da-DK', 'de-AT', 'de-CH', 'de-DE', 'de-LU', 'en-AU', 'en-BG', 'en-CY', 'en-CZ', 'en-DK', 'en-FI', 'en-GB', 'en-GR', 'en-HR', 'en-HU', 'en-IE', 'en-IL', 'en-IN', 'en-IS', 'en-MT', 'en-NO', 'en-NZ', 'en-PL', 'en-RO', 'en-SE', 'en-SI', 'en-SK', 'en-ZA', 'es-ES', 'fi-FI', 'fr-BE', 'fr-CH', 'fr-FR', 'fr-LU', 'it-CH', 'it-IT', 'nl-BE', 'nl-NL', 'no-NO', 'pl-PL', 'pt-PT', 'sv-SE']
	PPSA01509	EP0001-PPSA01509_00-GAME000000000000	Immortals Fenyx Rising ™	['en-TR', 'ru-RU', 'ru-UA', 'tr-TR']
	PPSA01510	EP0001-PPSA01510_00-GAME000000000000	Immortals Fenyx Rising ™	['ar-AE', 'ar-BH', 'ar-KW', 'ar-LB', 'ar-OM', 'ar-QA', 'ar-SA', 'en-AE', 'en-BH', 'en-KW', 'en-LB', 'en-OM', 'en-QA', 'en-SA']
	PPSA01508	JP0001-PPSA01508_00-GAME000000000000	Immortals Fenyx Rising ™	['en-HK', 'en-ID', 'en-MY', 'en-SG', 'en-TH', 'en-TW', 'ja-JP', 'ko-KR', 'zh-HK', 'zh-TW']
	PPSA01507	UP0001-PPSA01507_00-GAME000000000000	Immortals Fenyx Rising ™	['en-AR', 'en-BR', 'en-CA', 'en-CL', 'en-CO', 'en-MX', 'en-PE', 'en-US', 'es-AR', 'es-BO', 'es-CL', 'es-CO', 'es-CR', 'es-EC', 'es-GT', 'es-HN', 'es-MX', 'es-NI', 'es-PA', 'es-PE', 'es-PY', 'es-SV', 'es-UY', 'fr-CA', 'pt-BR']
	PPSA02587	EP0001-PPSA02587_00-DEMO000000000000	Immortals Fenyx Rising ™ - Demo	['da-DK', 'de-AT', 'de-CH', 'de-DE', 'de-LU', 'en-AU', 'en-BG', 'en-CY', 'en-CZ', 'en-DK', 'en-FI', 'en-GB', 'en-GR', 'en-HR', 'en-HU', 'en-IE', 'en-IL', 'en-IN', 'en-IS', 'en-MT', 'en-NO', 'en-NZ', 'en-PL', 'en-RO', 'en-SE', 'en-SI', 'en-SK', 'en-ZA', 'es-ES', 'fi-FI', 'fr-BE', 'fr-CH', 'fr-FR', 'fr-LU', 'it-CH', 'it-IT', 'nl-BE', 'nl-NL', 'no-NO', 'pl-PL', 'pt-PT', 'sv-SE']
	PPSA02707	EP0001-PPSA02707_00-DEMO000000000000	Immortals Fenyx Rising ™ - Demo	['en-TR', 'ru-RU', 'ru-UA', 'tr-TR']
	PPSA02708	EP0001-PPSA02708_00-DEMO000000000000	Immortals Fenyx Rising ™ - Demo	['ar-AE', 'ar-BH', 'ar-KW', 'ar-LB', 'ar-OM', 'ar-QA', 'ar-SA', 'en-AE', 'en-BH', 'en-KW', 'en-LB', 'en-OM', 'en-QA', 'en-SA']
	PPSA02699	JP0001-PPSA02699_00-DEMO000000000000	Immortals Fenyx Rising ™ - Demo	['en-HK', 'en-ID', 'en-MY', 'en-SG', 'en-TH', 'en-TW', 'ja-JP', 'ko-KR', 'zh-HK', 'zh-TW']
	PPSA02588	UP0001-PPSA02588_00-DEMO000000000000	Immortals Fenyx Rising ™ - Demo	[]
MISSING	PPSA02689	EP5733-PPSA02689_00	Infliction: Extended Cut	['ar-AE', 'ar-BH', 'ar-KW', 'ar-LB', 'ar-OM', 'ar-QA', 'da-DK', 'de-AT', 'de-CH', 'de-DE', 'de-LU', 'en-AE', 'en-AU', 'en-BG', 'en-BH', 'en-CY', 'en-CZ', 'en-DK', 'en-FI', 'en-GB', 'en-GR', 'en-HR', 'en-HU', 'en-IE', 'en-IL', 'en-IN', 'en-IS', 'en-KW', 'en-LB', 'en-MT', 'en-NO', 'en-NZ', 'en-OM', 'en-PL', 'en-QA', 'en-RO', 'en-SE', 'en-SI', 'en-SK', 'en-TR', 'en-ZA', 'es-ES', 'fi-FI', 'fr-BE', 'fr-CH', 'fr-FR', 'fr-LU', 'it-CH', 'it-IT', 'nl-BE', 'nl-NL', 'no-NO', 'pl-PL', 'pt-PT', 'ru-RU', 'ru-UA', 'sv-SE', 'tr-TR']
MISSING	PPSA02688	UP5552-PPSA02688_00-INFLICTIONPS4000	Infliction: Extended Cut	['en-AR', 'en-BR', 'en-CA', 'en-CL', 'en-CO', 'en-MX', 'en-PE', 'en-US', 'es-AR', 'es-BO', 'es-CL', 'es-CO', 'es-CR', 'es-EC', 'es-GT', 'es-HN', 'es-MX', 'es-NI', 'es-PA', 'es-PE', 'es-PY', 'es-SV', 'es-UY', 'fr-CA', 'pt-BR']
MISSING	PPSA02343	EP0006-PPSA02343_00	It Takes Two PS4™ and PS5™	['ar-AE', 'ar-BH', 'ar-KW', 'ar-LB', 'ar-OM', 'ar-QA', 'ar-SA', 'da-DK', 'de-AT', 'de-CH', 'de-DE', 'de-LU', 'en-AE', 'en-AU', 'en-BG', 'en-BH', 'en-CY', 'en-CZ', 'en-DK', 'en-FI', 'en-GB', 'en-GR', 'en-HR', 'en-HU', 'en-IE', 'en-IL', 'en-IN', 'en-IS', 'en-KW', 'en-LB', 'en-MT', 'en-NO', 'en-NZ', 'en-OM', 'en-PL', 'en-QA', 'en-RO', 'en-SA', 'en-SE', 'en-SI', 'en-SK', 'en-TR', 'en-ZA', 'es-ES', 'fi-FI', 'fr-BE', 'fr-CH', 'fr-FR', 'fr-LU', 'it-CH', 'it-IT', 'nl-BE', 'nl-NL', 'no-NO', 'pl-PL', 'pt-PT', 'ru-RU', 'ru-UA', 'sv-SE', 'tr-TR']
MISSING	PPSA02342	UP0006-PPSA02342_00	It Takes Two PS4™ and PS5™	['en-AR', 'en-BR', 'en-CA', 'en-CL', 'en-CO', 'en-HK', 'en-ID', 'en-MX', 'en-MY', 'en-PE', 'en-SG', 'en-TH', 'en-TW', 'en-US', 'es-AR', 'es-BO', 'es-CL', 'es-CO', 'es-CR', 'es-EC', 'es-GT', 'es-HN', 'es-MX', 'es-NI', 'es-PA', 'es-PE', 'es-PY', 'es-SV', 'es-UY', 'fr-CA', 'ja-JP', 'ko-KR', 'pt-BR', 'zh-HK', 'zh-TW']
MISSING	PPSA01852	JP0177-PPSA01852_00	JUDGE EYES: wills of death Remastered Digital Deluxe	['en-HK', 'en-ID', 'en-MY', 'en-SG', 'en-TH', 'en-TW', 'ja-JP', 'ko-KR', 'zh-HK', 'zh-TW']
MISSING	PPSA01408	EP0001-PPSA01408_00-JD2021PS5SCEE000	Just Dance® 2021	['ar-AE', 'ar-BH', 'ar-KW', 'ar-LB', 'ar-OM', 'ar-QA', 'ar-SA', 'da-DK', 'de-AT', 'de-CH', 'de-DE', 'de-LU', 'en-AE', 'en-AU', 'en-BG', 'en-BH', 'en-CY', 'en-CZ', 'en-DK', 'en-FI', 'en-GB', 'en-GR', 'en-HK', 'en-HR', 'en-HU', 'en-ID', 'en-IE', 'en-IL', 'en-IN', 'en-IS', 'en-KW', 'en-LB', 'en-MT', 'en-MY', 'en-NO', 'en-NZ', 'en-OM', 'en-PL', 'en-QA', 'en-RO', 'en-SA', 'en-SE', 'en-SG', 'en-SI', 'en-SK', 'en-TH', 'en-TR', 'en-TW', 'en-ZA', 'es-ES', 'fi-FI', 'fr-BE', 'fr-CH', 'fr-FR', 'fr-LU', 'it-CH', 'it-IT', 'ja-JP', 'ko-KR', 'nl-BE', 'nl-NL', 'no-NO', 'pl-PL', 'pt-PT', 'ru-RU', 'ru-UA', 'sv-SE', 'tr-TR', 'zh-HK', 'zh-TW']
	PPSA01409	UP0001-PPSA01409_00-JD2021PS5SCEA000	Just Dance® 2021	['en-AR', 'en-BR', 'en-CA', 'en-CL', 'en-CO', 'en-MX', 'en-PE', 'en-US', 'es-AR', 'es-BO', 'es-CL', 'es-CO', 'es-CR', 'es-EC', 'es-GT', 'es-HN', 'es-MX', 'es-NI', 'es-PA', 'es-PE', 'es-PY', 'es-SV', 'es-UY', 'fr-CA', 'pt-BR']
MISSING	PPSA02318	EP4403-PPSA02318_00-JYDGE00000000000	JYDGE	['ar-BH', 'ar-KW', 'ar-LB', 'ar-OM', 'ar-QA', 'da-DK', 'de-AT', 'de-CH', 'de-DE', 'de-LU', 'en-AU', 'en-BG', 'en-BH', 'en-CY', 'en-CZ', 'en-DK', 'en-FI', 'en-GB', 'en-GR', 'en-HR', 'en-HU', 'en-IE', 'en-IL', 'en-IN', 'en-IS', 'en-KW', 'en-LB', 'en-MT', 'en-NO', 'en-NZ', 'en-OM', 'en-PL', 'en-QA', 'en-RO', 'en-SE', 'en-SI', 'en-SK', 'en-TR', 'en-ZA', 'es-ES', 'fi-FI', 'fr-BE', 'fr-CH', 'fr-FR', 'fr-LU', 'it-CH', 'it-IT', 'nl-BE', 'nl-NL', 'no-NO', 'pl-PL', 'pt-PT', 'ru-RU', 'ru-UA', 'sv-SE', 'tr-TR']
MISSING	PPSA02317	UP4403-PPSA02317_00-JYDGE00000000000	JYDGE	['en-AR', 'en-BR', 'en-CA', 'en-CL', 'en-CO', 'en-MX', 'en-PE', 'en-US', 'es-AR', 'es-BO', 'es-CL', 'es-CO', 'es-CR', 'es-EC', 'es-GT', 'es-HN', 'es-MX', 'es-NI', 'es-PA', 'es-PE', 'es-PY', 'es-SV', 'es-UY', 'fr-CA', 'pt-BR']
MISSING	PPSA02148	EP4403-PPSA02148_00-KINGODDBALL00000	King Oddball	['ar-AE', 'ar-BH', 'ar-KW', 'ar-LB', 'ar-OM', 'ar-QA', 'ar-SA', 'da-DK', 'de-AT', 'de-CH', 'de-DE', 'de-LU', 'en-AE', 'en-AU', 'en-BG', 'en-BH', 'en-CY', 'en-CZ', 'en-DK', 'en-FI', 'en-GB', 'en-GR', 'en-HR', 'en-HU', 'en-IE', 'en-IL', 'en-IN', 'en-IS', 'en-KW', 'en-LB', 'en-MT', 'en-NO', 'en-NZ', 'en-OM', 'en-PL', 'en-QA', 'en-RO', 'en-SA', 'en-SE', 'en-SI', 'en-SK', 'en-TR', 'en-ZA', 'es-ES', 'fi-FI', 'fr-BE', 'fr-CH', 'fr-FR', 'fr-LU', 'it-CH', 'it-IT', 'nl-BE', 'nl-NL', 'no-NO', 'pl-PL', 'pt-PT', 'ru-RU', 'ru-UA', 'sv-SE', 'tr-TR']
MISSING	PPSA02147	UP4403-PPSA02147_00-KINGODDBALL00000	King Oddball	['en-AR', 'en-BR', 'en-CA', 'en-CL', 'en-CO', 'en-MX', 'en-PE', 'en-US', 'es-AR', 'es-BO', 'es-CL', 'es-CO', 'es-CR', 'es-EC', 'es-GT', 'es-HN', 'es-MX', 'es-NI', 'es-PA', 'es-PE', 'es-PY', 'es-SV', 'es-UY', 'fr-CA', 'pt-BR']
	PPSA01344	EP0006-PPSA01344_00-MADDENNFL21GAME1	Madden NFL 21	['ar-AE', 'ar-BH', 'ar-KW', 'ar-LB', 'ar-OM', 'ar-QA', 'ar-SA', 'da-DK', 'de-AT', 'de-CH', 'de-DE', 'de-LU', 'en-AE', 'en-AU', 'en-BG', 'en-BH', 'en-CY', 'en-CZ', 'en-DK', 'en-FI', 'en-GB', 'en-GR', 'en-HR', 'en-HU', 'en-IE', 'en-IL', 'en-IN', 'en-IS', 'en-KW', 'en-LB', 'en-MT', 'en-NO', 'en-NZ', 'en-OM', 'en-PL', 'en-QA', 'en-RO', 'en-SA', 'en-SE', 'en-SI', 'en-SK', 'en-TR', 'en-ZA', 'es-ES', 'fi-FI', 'fr-BE', 'fr-CH', 'fr-FR', 'fr-LU', 'it-CH', 'it-IT', 'nl-BE', 'nl-NL', 'no-NO', 'pl-PL', 'pt-PT', 'ru-RU', 'ru-UA', 'sv-SE', 'tr-TR']
	PPSA01343	UP0006-PPSA01343_00-MADDENNFL21GAME1	Madden NFL 21	['en-AR', 'en-BR', 'en-CA', 'en-CL', 'en-CO', 'en-HK', 'en-ID', 'en-MX', 'en-MY', 'en-PE', 'en-SG', 'en-TH', 'en-TW', 'en-US', 'es-AR', 'es-BO', 'es-CL', 'es-CO', 'es-CR', 'es-EC', 'es-GT', 'es-HN', 'es-MX', 'es-NI', 'es-PA', 'es-PE', 'es-PY', 'es-SV', 'es-UY', 'fr-CA', 'ja-JP', 'ko-KR', 'pt-BR', 'zh-HK', 'zh-TW']
	PPSA01859	EP0102-PPSA01859_00-DEMOVILLAGE00001	MAIDEN	['ar-AE', 'ar-BH', 'ar-KW', 'ar-LB', 'ar-OM', 'ar-QA', 'ar-SA', 'da-DK', 'de-AT', 'de-CH', 'de-DE', 'de-LU', 'en-AE', 'en-AU', 'en-BG', 'en-BH', 'en-CY', 'en-CZ', 'en-DK', 'en-FI', 'en-GB', 'en-GR', 'en-HR', 'en-HU', 'en-IE', 'en-IL', 'en-IN', 'en-IS', 'en-KW', 'en-LB', 'en-MT', 'en-NO', 'en-NZ', 'en-OM', 'en-PL', 'en-QA', 'en-RO', 'en-SA', 'en-SE', 'en-SI', 'en-SK', 'en-TR', 'en-ZA', 'es-ES', 'fi-FI', 'fr-BE', 'fr-CH', 'fr-FR', 'fr-LU', 'it-CH', 'it-IT', 'nl-BE', 'nl-NL', 'no-NO', 'pl-PL', 'pt-PT', 'ru-RU', 'ru-UA', 'sv-SE', 'tr-TR']
	PPSA01857	HP0102-PPSA01857_00-DEMOVILLAGE00001	MAIDEN	['en-HK', 'en-ID', 'en-MY', 'en-SG', 'en-TH', 'en-TW', 'ko-KR', 'zh-HK', 'zh-TW']
	PPSA01856	JP0102-PPSA01856_00-DEMOVILLAGE00001	MAIDEN	['ja-JP']
	PPSA01858	UP0102-PPSA01858_00-DEMOVILLAGE00001	MAIDEN	[]
	PPSA01862	EP0114-PPSA01862_00-MANEATER00000001	Maneater	['ar-AE', 'ar-BH', 'ar-KW', 'ar-LB', 'ar-OM', 'ar-QA', 'da-DK', 'de-AT', 'de-CH', 'de-DE', 'de-LU', 'en-AE', 'en-AU', 'en-BG', 'en-BH', 'en-CY', 'en-CZ', 'en-DK', 'en-FI', 'en-GB', 'en-GR', 'en-HK', 'en-HR', 'en-HU', 'en-ID', 'en-IE', 'en-IL', 'en-IN', 'en-IS', 'en-KW', 'en-LB', 'en-MT', 'en-MY', 'en-NO', 'en-NZ', 'en-OM', 'en-PL', 'en-QA', 'en-RO', 'en-SE', 'en-SG', 'en-SI', 'en-SK', 'en-TH', 'en-TR', 'en-TW', 'en-ZA', 'es-ES', 'fi-FI', 'fr-BE', 'fr-CH', 'fr-FR', 'fr-LU', 'it-CH', 'it-IT', 'ja-JP', 'ko-KR', 'nl-BE', 'nl-NL', 'no-NO', 'pl-PL', 'pt-PT', 'ru-RU', 'ru-UA', 'sv-SE', 'tr-TR', 'zh-HK', 'zh-TW']
	PPSA01861	UP0115-PPSA01861_00-MANEATER00000001	Maneater	['en-AR', 'en-BR', 'en-CA', 'en-CL', 'en-CO', 'en-MX', 'en-PE', 'en-US', 'es-AR', 'es-BO', 'es-CL', 'es-CO', 'es-CR', 'es-EC', 'es-GT', 'es-HN', 'es-MX', 'es-NI', 'es-PA', 'es-PE', 'es-PY', 'es-SV', 'es-UY', 'fr-CA', 'pt-BR']
MISSING	PPSA01468	EP9000-PPSA01468_00-MARVELSSPIDERMAN	Marvel's Spider-Man Remastered	['da-DK', 'de-AT', 'de-CH', 'de-DE', 'de-LU', 'en-AU', 'en-BG', 'en-CZ', 'en-DK', 'en-FI', 'en-HR', 'en-HU', 'en-IN', 'en-IS', 'en-NO', 'en-NZ', 'en-RO', 'en-SE', 'en-SI', 'en-SK', 'en-TR', 'fi-FI', 'fr-BE', 'fr-CH', 'fr-FR', 'fr-LU', 'it-CH', 'it-IT', 'nl-BE', 'nl-NL', 'no-NO', 'sv-SE', 'tr-TR']
MISSING	PPSA01469	EP9000-PPSA01469_00-MARVELSSPIDERMAN	Marvel's Spider-Man Remastered	['en-CY', 'en-GR', 'en-IL', 'en-MT', 'es-ES', 'pt-PT']
MISSING	PPSA01470	EP9000-PPSA01470_00-MARVELSSPIDERMAN	Marvel's Spider-Man Remastered	['ar-AE', 'ar-BH', 'ar-KW', 'ar-LB', 'ar-OM', 'ar-QA', 'ar-SA', 'en-AE', 'en-BH', 'en-GB', 'en-IE', 'en-KW', 'en-LB', 'en-OM', 'en-PL', 'en-QA', 'en-SA', 'en-ZA', 'pl-PL', 'ru-RU', 'ru-UA']
MISSING	PPSA01472	HP9000-PPSA01472_00-MARVELSSPIDERMAN	Marvel's Spider-Man Remastered	['en-HK', 'en-ID', 'en-MY', 'en-SG', 'en-TH', 'en-TW', 'ko-KR', 'zh-HK', 'zh-TW']
MISSING	PPSA01471	JP9000-PPSA01471_00-MARVELSSPIDERMAN	Marvel's Spider-Man Remastered	['ja-JP']
	PPSA01467	UP9000-PPSA01467_00-MARVELSSPIDERMAN	Marvel's Spider-Man Remastered	['en-AR', 'en-BR', 'en-CA', 'en-CL', 'en-CO', 'en-MX', 'en-PE', 'en-US', 'es-AR', 'es-BO', 'es-CL', 'es-CO', 'es-CR', 'es-EC', 'es-GT', 'es-HN', 'es-MX', 'es-NI', 'es-PA', 'es-PE', 'es-PY', 'es-SV', 'es-UY', 'fr-CA', 'pt-BR']
	PPSA01417	EP9000-PPSA01417_00-MARVELSSMMORALES	Marvel's Spider-Man: Miles Morales	['da-DK', 'de-AT', 'de-CH', 'de-DE', 'de-LU', 'en-AU', 'en-BG', 'en-CZ', 'en-DK', 'en-FI', 'en-HR', 'en-HU', 'en-IN', 'en-IS', 'en-NO', 'en-NZ', 'en-RO', 'en-SE', 'en-SI', 'en-SK', 'en-TR', 'fi-FI', 'fr-BE', 'fr-CH', 'fr-FR', 'fr-LU', 'it-CH', 'it-IT', 'nl-BE', 'nl-NL', 'no-NO', 'sv-SE', 'tr-TR']
	PPSA01460	EP9000-PPSA01460_00-MARVELSSMMORALES	Marvel's Spider-Man: Miles Morales	['en-CY', 'en-GR', 'en-IL', 'en-MT', 'es-ES', 'pt-PT']
	PPSA01461	EP9000-PPSA01461_00-MARVELSSMMORALES	Marvel's Spider-Man: Miles Morales	['ar-AE', 'ar-BH', 'ar-KW', 'ar-LB', 'ar-OM', 'ar-QA', 'ar-SA', 'en-AE', 'en-BH', 'en-GB', 'en-IE', 'en-KW', 'en-LB', 'en-OM', 'en-PL', 'en-QA', 'en-SA', 'en-ZA', 'pl-PL', 'ru-RU', 'ru-UA']
	PPSA01419	HP9000-PPSA01419_00-MARVELSSMMORALES	Marvel's Spider-Man: Miles Morales	['en-HK', 'en-ID', 'en-MY', 'en-SG', 'en-TH', 'en-TW', 'ko-KR', 'zh-HK', 'zh-TW']
	PPSA01418	JP9000-PPSA01418_00-MARVELSMSMORALES	Marvel's Spider-Man: Miles Morales	['ja-JP']
	PPSA01411	UP9000-PPSA01411_00-MARVELSSMMORALES	Marvel's Spider-Man: Miles Morales	['en-AR', 'en-BR', 'en-CA', 'en-CL', 'en-CO', 'en-MX', 'en-PE', 'en-US', 'es-AR', 'es-BO', 'es-CL', 'es-CO', 'es-CR', 'es-EC', 'es-GT', 'es-HN', 'es-MX', 'es-NI', 'es-PA', 'es-PE', 'es-PY', 'es-SV', 'es-UY', 'fr-CA', 'pt-BR']
MISSING	PPSA01416	UP9000-PPSA01416_00	MLB® The Show™ 21 Jackie Robinson Edition	['ar-AE', 'ar-BH', 'ar-KW', 'ar-LB', 'ar-OM', 'ar-QA', 'ar-SA', 'da-DK', 'de-AT', 'de-CH', 'de-DE', 'de-LU', 'en-AE', 'en-AR', 'en-AU', 'en-BG', 'en-BH', 'en-BR', 'en-CA', 'en-CL', 'en-CO', 'en-CY', 'en-CZ', 'en-DK', 'en-FI', 'en-GB', 'en-GR', 'en-HK', 'en-HR', 'en-HU', 'en-ID', 'en-IE', 'en-IL', 'en-IN', 'en-IS', 'en-KW', 'en-LB', 'en-MT', 'en-MX', 'en-MY', 'en-NO', 'en-NZ', 'en-OM', 'en-PE', 'en-PL', 'en-QA', 'en-RO', 'en-SA', 'en-SE', 'en-SG', 'en-SI', 'en-SK', 'en-TH', 'en-TR', 'en-TW', 'en-US', 'en-ZA', 'es-AR', 'es-BO', 'es-CL', 'es-CO', 'es-CR', 'es-EC', 'es-ES', 'es-GT', 'es-HN', 'es-MX', 'es-NI', 'es-PA', 'es-PE', 'es-PY', 'es-SV', 'es-UY', 'fi-FI', 'fr-BE', 'fr-CA', 'fr-CH', 'fr-FR', 'fr-LU', 'it-CH', 'it-IT', 'ja-JP', 'ko-KR', 'nl-BE', 'nl-NL', 'no-NO', 'pl-PL', 'pt-BR', 'pt-PT', 'ru-RU', 'ru-UA', 'sv-SE', 'tr-TR', 'zh-HK', 'zh-TW']
	PPSA02451	EP0700-PPSA02451_00-BO2PS50000000000	MOBILE SUIT GUNDAM BATTLE OPERATION 2	[]
	PPSA01658	JP0700-PPSA01658_00-BO2PS50000000000	MOBILE SUIT GUNDAM BATTLE OPERATION 2	['en-HK', 'en-ID', 'en-MY', 'en-SG', 'en-TH', 'en-TW', 'ja-JP', 'ko-KR', 'zh-HK', 'zh-TW']
	PPSA02396	UP0700-PPSA02396_00-BO2PS50000000000	MOBILE SUIT GUNDAM BATTLE OPERATION 2	['en-AR', 'en-BR', 'en-CA', 'en-CL', 'en-CO', 'en-MX', 'en-PE', 'en-US', 'es-AR', 'es-BO', 'es-CL', 'es-CO', 'es-CR', 'es-EC', 'es-GT', 'es-HN', 'es-MX', 'es-NI', 'es-PA', 'es-PE', 'es-PY', 'es-SV', 'es-UY', 'fr-CA', 'pt-BR']
MISSING	PPSA01608	EP4356-PPSA01608_00	Monster Energy Supercross 4 - Special Edition	['ar-AE', 'ar-BH', 'ar-KW', 'ar-LB', 'ar-OM', 'ar-QA', 'ar-SA', 'da-DK', 'de-AT', 'de-CH', 'de-DE', 'de-LU', 'en-AE', 'en-AU', 'en-BG', 'en-BH', 'en-CY', 'en-CZ', 'en-DK', 'en-FI', 'en-GB', 'en-GR', 'en-HK', 'en-HR', 'en-HU', 'en-ID', 'en-IE', 'en-IL', 'en-IN', 'en-IS', 'en-KW', 'en-LB', 'en-MT', 'en-MY', 'en-NO', 'en-NZ', 'en-OM', 'en-PL', 'en-QA', 'en-RO', 'en-SA', 'en-SE', 'en-SG', 'en-SI', 'en-SK', 'en-TH', 'en-TR', 'en-TW', 'en-ZA', 'es-ES', 'fi-FI', 'fr-BE', 'fr-CH', 'fr-FR', 'fr-LU', 'it-CH', 'it-IT', 'nl-BE', 'nl-NL', 'no-NO', 'pl-PL', 'pt-PT', 'ru-RU', 'ru-UA', 'sv-SE', 'tr-TR', 'zh-HK', 'zh-TW']
MISSING	PPSA01607	UP1981-PPSA01607_00	Monster Energy Supercross 4 - Special Edition	['en-AR', 'en-BR', 'en-CA', 'en-CL', 'en-CO', 'en-MX', 'en-PE', 'en-US', 'es-AR', 'es-BO', 'es-CL', 'es-CO', 'es-CR', 'es-EC', 'es-GT', 'es-HN', 'es-MX', 'es-NI', 'es-PA', 'es-PE', 'es-PY', 'es-SV', 'es-UY', 'fr-CA', 'pt-BR']
	PPSA01619	EP1018-PPSA01619_00-00MORTALKOMBAT11	Mortal Kombat 11	['ar-AE', 'ar-BH', 'ar-KW', 'ar-LB', 'ar-OM', 'ar-QA', 'ar-SA', 'da-DK', 'de-AT', 'de-CH', 'de-DE', 'de-LU', 'en-AE', 'en-AU', 'en-BG', 'en-BH', 'en-CY', 'en-CZ', 'en-DK', 'en-FI', 'en-GB', 'en-GR', 'en-HR', 'en-HU', 'en-IE', 'en-IL', 'en-IN', 'en-IS', 'en-KW', 'en-LB', 'en-MT', 'en-NO', 'en-NZ', 'en-OM', 'en-PL', 'en-QA', 'en-RO', 'en-SA', 'en-SE', 'en-SI', 'en-SK', 'en-TR', 'en-ZA', 'es-ES', 'fi-FI', 'fr-BE', 'fr-CH', 'fr-FR', 'fr-LU', 'it-CH', 'it-IT', 'nl-BE', 'nl-NL', 'no-NO', 'pl-PL', 'pt-PT', 'ru-RU', 'sv-SE', 'tr-TR']
	PPSA01617	UP1018-PPSA01617_00-00MORTALKOMBAT11	Mortal Kombat 11	['en-AR', 'en-CA', 'en-CL', 'en-CO', 'en-HK', 'en-MX', 'en-MY', 'en-PE', 'en-SG', 'en-TH', 'en-TW', 'en-US', 'es-AR', 'es-BO', 'es-CL', 'es-CO', 'es-CR', 'es-EC', 'es-GT', 'es-HN', 'es-MX', 'es-NI', 'es-PA', 'es-PE', 'es-PY', 'es-SV', 'es-UY', 'fr-CA', 'zh-HK', 'zh-TW']
	PPSA01618	UP1018-PPSA01618_00-00MORTALKOMBAT11	Mortal Kombat 11	['en-BR', 'pt-BR']
MISSING	PPSA01646	EP4356-PPSA01646_00	MXGP 2020 - The Official Motocross Videogame	['ar-AE', 'ar-BH', 'ar-KW', 'ar-LB', 'ar-OM', 'ar-QA', 'ar-SA', 'da-DK', 'de-AT', 'de-CH', 'de-DE', 'de-LU', 'en-AE', 'en-AU', 'en-BG', 'en-BH', 'en-CY', 'en-CZ', 'en-DK', 'en-FI', 'en-GB', 'en-GR', 'en-HK', 'en-HR', 'en-HU', 'en-ID', 'en-IE', 'en-IL', 'en-IN', 'en-IS', 'en-KW', 'en-LB', 'en-MT', 'en-MY', 'en-NO', 'en-NZ', 'en-OM', 'en-PL', 'en-QA', 'en-RO', 'en-SA', 'en-SE', 'en-SG', 'en-SI', 'en-SK', 'en-TH', 'en-TR', 'en-TW', 'en-ZA', 'es-ES', 'fi-FI', 'fr-BE', 'fr-CH', 'fr-FR', 'fr-LU', 'it-CH', 'it-IT', 'nl-BE', 'nl-NL', 'no-NO', 'pl-PL', 'pt-PT', 'ru-RU', 'ru-UA', 'sv-SE', 'tr-TR', 'zh-HK', 'zh-TW']
MISSING	PPSA01645	UP1981-PPSA01645_00	MXGP 2020 - The Official Motocross Videogame	['en-AR', 'en-BR', 'en-CA', 'en-CL', 'en-CO', 'en-MX', 'en-PE', 'en-US', 'es-AR', 'es-BO', 'es-CL', 'es-CO', 'es-CR', 'es-EC', 'es-GT', 'es-HN', 'es-MX', 'es-NI', 'es-PA', 'es-PE', 'es-PY', 'es-SV', 'es-UY', 'fr-CA', 'pt-BR']
MISSING	PPSA01388	EP1001-PPSA01388_00-NBA2K21000000000	NBA 2K21	['ar-AE', 'ar-BH', 'ar-KW', 'ar-LB', 'ar-OM', 'ar-QA', 'ar-SA', 'da-DK', 'de-AT', 'de-CH', 'de-DE', 'de-LU', 'en-AE', 'en-AU', 'en-BG', 'en-BH', 'en-CY', 'en-CZ', 'en-DK', 'en-FI', 'en-GB', 'en-GR', 'en-HR', 'en-HU', 'en-IE', 'en-IL', 'en-IN', 'en-IS', 'en-KW', 'en-LB', 'en-MT', 'en-NO', 'en-NZ', 'en-OM', 'en-PL', 'en-QA', 'en-RO', 'en-SA', 'en-SE', 'en-SI', 'en-SK', 'en-TR', 'en-ZA', 'es-ES', 'fi-FI', 'fr-BE', 'fr-CH', 'fr-FR', 'fr-LU', 'it-CH', 'it-IT', 'nl-BE', 'nl-NL', 'no-NO', 'pl-PL', 'pt-PT', 'ru-RU', 'ru-UA', 'sv-SE', 'tr-TR']
	PPSA01387	UP1001-PPSA01387_00-NBA2K21000000000	NBA 2K21	['en-AR', 'en-BR', 'en-CA', 'en-CL', 'en-CO', 'en-HK', 'en-ID', 'en-MX', 'en-MY', 'en-PE', 'en-SG', 'en-TH', 'en-TW', 'en-US', 'es-AR', 'es-BO', 'es-CL', 'es-CO', 'es-CR', 'es-EC', 'es-GT', 'es-HN', 'es-MX', 'es-NI', 'es-PA', 'es-PE', 'es-PY', 'es-SV', 'es-UY', 'fr-CA', 'ja-JP', 'ko-KR', 'pt-BR', 'zh-HK', 'zh-TW']
MISSING	PPSA02622	UP4403-PPSA02622_00	Neon Chrome	['en-AR', 'en-BR', 'en-CA', 'en-CL', 'en-CO', 'en-MX', 'en-PE', 'en-US', 'es-AR', 'es-BO', 'es-CL', 'es-CO', 'es-CR', 'es-EC', 'es-GT', 'es-HN', 'es-MX', 'es-NI', 'es-PA', 'es-PE', 'es-PY', 'es-SV', 'es-UY', 'fr-CA', 'pt-BR']
MISSING	PPSA02623	EP4403-PPSA02623_00-NEONCHROME000000	Neon Chrome Overseer Edition	['ar-AE', 'ar-BH', 'ar-KW', 'ar-LB', 'ar-OM', 'ar-QA', 'da-DK', 'de-AT', 'de-CH', 'de-DE', 'de-LU', 'en-AE', 'en-AU', 'en-BG', 'en-BH', 'en-CY', 'en-CZ', 'en-DK', 'en-FI', 'en-GB', 'en-GR', 'en-HR', 'en-HU', 'en-IE', 'en-IL', 'en-IN', 'en-IS', 'en-KW', 'en-LB', 'en-MT', 'en-NO', 'en-NZ', 'en-OM', 'en-PL', 'en-QA', 'en-RO', 'en-SE', 'en-SI', 'en-SK', 'en-TR', 'en-ZA', 'es-ES', 'fi-FI', 'fr-BE', 'fr-CH', 'fr-FR', 'fr-LU', 'it-CH', 'it-IT', 'nl-BE', 'nl-NL', 'no-NO', 'pl-PL', 'pt-PT', 'ru-RU', 'ru-UA', 'sv-SE', 'tr-TR']
	PPSA02488	EP9000-PPSA02488_00-NIOH2EU000000000	Nioh 2 Remastered	['ar-AE', 'ar-BH', 'ar-KW', 'ar-LB', 'ar-OM', 'ar-QA', 'ar-SA', 'da-DK', 'de-AT', 'de-CH', 'de-DE', 'de-LU', 'en-AE', 'en-AU', 'en-BG', 'en-BH', 'en-CY', 'en-CZ', 'en-DK', 'en-FI', 'en-GB', 'en-GR', 'en-HR', 'en-HU', 'en-IE', 'en-IL', 'en-IN', 'en-IS', 'en-KW', 'en-LB', 'en-MT', 'en-NO', 'en-NZ', 'en-OM', 'en-PL', 'en-QA', 'en-RO', 'en-SA', 'en-SE', 'en-SI', 'en-SK', 'en-TR', 'en-ZA', 'es-ES', 'fi-FI', 'fr-BE', 'fr-CH', 'fr-FR', 'fr-LU', 'it-CH', 'it-IT', 'nl-BE', 'nl-NL', 'no-NO', 'pl-PL', 'pt-PT', 'ru-RU', 'ru-UA', 'sv-SE', 'tr-TR']
	PPSA02462	JP0106-PPSA02462_00-NIOH2JP000000000	Nioh 2 Remastered	['en-HK', 'en-ID', 'en-MY', 'en-SG', 'en-TH', 'en-TW', 'ja-JP', 'ko-KR', 'zh-HK', 'zh-TW']
	PPSA02489	UP9000-PPSA02489_00-NIOH2NA000000000	Nioh 2 Remastered	['en-AR', 'en-BR', 'en-CA', 'en-CL', 'en-CO', 'en-MX', 'en-PE', 'en-US', 'es-AR', 'es-BO', 'es-CL', 'es-CO', 'es-CR', 'es-EC', 'es-GT', 'es-HN', 'es-MX', 'es-NI', 'es-PA', 'es-PE', 'es-PY', 'es-SV', 'es-UY', 'fr-CA', 'pt-BR']
	PPSA02486	EP9000-PPSA02486_00-NIOH2CE000000000	Nioh 2 Remastered - The Complete Edition	['ar-AE', 'ar-BH', 'ar-KW', 'ar-LB', 'ar-OM', 'ar-QA', 'ar-SA', 'da-DK', 'de-AT', 'de-CH', 'de-DE', 'de-LU', 'en-AE', 'en-AU', 'en-BG', 'en-BH', 'en-CY', 'en-CZ', 'en-DK', 'en-FI', 'en-GB', 'en-GR', 'en-HR', 'en-HU', 'en-IE', 'en-IL', 'en-IN', 'en-IS', 'en-KW', 'en-LB', 'en-MT', 'en-NO', 'en-NZ', 'en-OM', 'en-PL', 'en-QA', 'en-RO', 'en-SA', 'en-SE', 'en-SI', 'en-SK', 'en-TR', 'en-ZA', 'es-ES', 'fi-FI', 'fr-BE', 'fr-CH', 'fr-FR', 'fr-LU', 'it-CH', 'it-IT', 'nl-BE', 'nl-NL', 'no-NO', 'pl-PL', 'pt-PT', 'ru-RU', 'ru-UA', 'sv-SE', 'tr-TR']
	PPSA02463	JP0106-PPSA02463_00-NIOH2CE000000000	Nioh 2 Remastered - The Complete Edition	['en-HK', 'en-ID', 'en-MY', 'en-SG', 'en-TH', 'en-TW', 'ja-JP', 'ko-KR', 'zh-HK', 'zh-TW']
MISSING	PPSA02487	UP9000-PPSA02487_00-NIOH2CE000000000	Nioh 2 Remastered - The Complete Edition	['en-AR', 'en-BR', 'en-CA', 'en-CL', 'en-CO', 'en-MX', 'en-PE', 'en-US', 'es-AR', 'es-BO', 'es-CL', 'es-CO', 'es-CR', 'es-EC', 'es-GT', 'es-HN', 'es-MX', 'es-NI', 'es-PA', 'es-PE', 'es-PY', 'es-SV', 'es-UY', 'fr-CA', 'pt-BR']
	PPSA02482	EP9000-PPSA02482_00-NIOHCEPS50000000	Nioh Remastered - The Complete Edition	['ar-AE', 'ar-BH', 'ar-KW', 'ar-LB', 'ar-OM', 'ar-QA', 'ar-SA', 'da-DK', 'de-AT', 'de-CH', 'de-DE', 'de-LU', 'en-AE', 'en-AU', 'en-BG', 'en-BH', 'en-CY', 'en-CZ', 'en-DK', 'en-FI', 'en-GB', 'en-GR', 'en-HR', 'en-HU', 'en-IE', 'en-IL', 'en-IN', 'en-IS', 'en-KW', 'en-LB', 'en-MT', 'en-NO', 'en-NZ', 'en-OM', 'en-PL', 'en-QA', 'en-RO', 'en-SA', 'en-SE', 'en-SI', 'en-SK', 'en-TR', 'en-ZA', 'es-ES', 'fi-FI', 'fr-BE', 'fr-CH', 'fr-FR', 'fr-LU', 'it-CH', 'it-IT', 'nl-BE', 'nl-NL', 'no-NO', 'pl-PL', 'pt-PT', 'ru-RU', 'ru-UA', 'sv-SE', 'tr-TR']
	PPSA02464	JP0106-PPSA02464_00-NIOHCEPS50000000	Nioh Remastered - The Complete Edition	['en-HK', 'en-ID', 'en-MY', 'en-SG', 'en-TH', 'en-TW', 'ja-JP', 'ko-KR', 'zh-HK', 'zh-TW']
MISSING	PPSA02484	UP9000-PPSA02484_00-NIOHCEPS50000000	Nioh Remastered - The Complete Edition	['en-AR', 'en-BR', 'en-CA', 'en-CL', 'en-CO', 'en-MX', 'en-PE', 'en-US', 'es-AR', 'es-BO', 'es-CL', 'es-CO', 'es-CR', 'es-EC', 'es-GT', 'es-HN', 'es-MX', 'es-NI', 'es-PA', 'es-PE', 'es-PY', 'es-SV', 'es-UY', 'fr-CA', 'pt-BR']
	PPSA01412	EP2034-PPSA01412_00-NOMANSSKYHG00001	No Man's Sky	['ar-AE', 'ar-BH', 'ar-KW', 'ar-LB', 'ar-OM', 'ar-QA', 'ar-SA', 'da-DK', 'de-AT', 'de-CH', 'de-DE', 'de-LU', 'en-AE', 'en-AU', 'en-BG', 'en-BH', 'en-CY', 'en-CZ', 'en-DK', 'en-FI', 'en-GB', 'en-GR', 'en-HR', 'en-HU', 'en-IE', 'en-IL', 'en-IN', 'en-IS', 'en-KW', 'en-LB', 'en-MT', 'en-NO', 'en-NZ', 'en-OM', 'en-PL', 'en-QA', 'en-RO', 'en-SA', 'en-SE', 'en-SI', 'en-SK', 'en-TR', 'en-ZA', 'es-ES', 'fi-FI', 'fr-BE', 'fr-CH', 'fr-FR', 'fr-LU', 'it-CH', 'it-IT', 'nl-BE', 'nl-NL', 'no-NO', 'pl-PL', 'pt-PT', 'ru-RU', 'ru-UA', 'sv-SE', 'tr-TR']
	PPSA02112	HP2034-PPSA02112_00-NOMANSSKYHG00001	No Man's Sky	['en-HK', 'en-ID', 'en-MY', 'en-SG', 'en-TH', 'en-TW', 'ko-KR', 'zh-HK', 'zh-TW']
	PPSA02111	JP0020-PPSA02111_00-NOMANSSKYHG00001	No Man's Sky	['ja-JP']
	PPSA02110	UP2034-PPSA02110_00-NOMANSSKYHG00001	No Man's Sky	['en-AR', 'en-BR', 'en-CA', 'en-CL', 'en-CO', 'en-MX', 'en-PE', 'en-US', 'es-AR', 'es-BO', 'es-CL', 'es-CO', 'es-CR', 'es-EC', 'es-GT', 'es-HN', 'es-MX', 'es-NI', 'es-PA', 'es-PE', 'es-PY', 'es-SV', 'es-UY', 'fr-CA', 'pt-BR']
	PPSA02117	EP4176-PPSA02117_00-OBSERVER0SR00000	Observer: System Redux	['ar-AE', 'ar-BH', 'ar-KW', 'ar-LB', 'ar-OM', 'ar-QA', 'da-DK', 'de-AT', 'de-CH', 'de-DE', 'de-LU', 'en-AE', 'en-AU', 'en-BG', 'en-BH', 'en-CY', 'en-CZ', 'en-DK', 'en-FI', 'en-GB', 'en-GR', 'en-HR', 'en-HU', 'en-IE', 'en-IL', 'en-IN', 'en-IS', 'en-KW', 'en-LB', 'en-MT', 'en-NO', 'en-NZ', 'en-OM', 'en-PL', 'en-QA', 'en-RO', 'en-SE', 'en-SI', 'en-SK', 'en-TR', 'en-ZA', 'es-ES', 'fi-FI', 'fr-BE', 'fr-CH', 'fr-FR', 'fr-LU', 'it-CH', 'it-IT', 'nl-BE', 'nl-NL', 'no-NO', 'pl-PL', 'pt-PT', 'ru-RU', 'ru-UA', 'sv-SE', 'tr-TR']
	PPSA02118	UP4176-PPSA02118_00-OBSERVER0SR00000	Observer: System Redux	['en-AR', 'en-BR', 'en-CA', 'en-CL', 'en-CO', 'en-MX', 'en-PE', 'en-US', 'es-AR', 'es-BO', 'es-CL', 'es-CO', 'es-CR', 'es-EC', 'es-GT', 'es-HN', 'es-MX', 'es-NI', 'es-PA', 'es-PE', 'es-PY', 'es-SV', 'es-UY', 'fr-CA', 'pt-BR']
MISSING	PPSA02553	EP6087-PPSA02553_00	Outbreak	['ar-AE', 'ar-BH', 'ar-KW', 'ar-LB', 'ar-OM', 'ar-QA', 'ar-SA', 'da-DK', 'de-AT', 'de-CH', 'de-DE', 'de-LU', 'en-AE', 'en-AU', 'en-BG', 'en-BH', 'en-CY', 'en-CZ', 'en-DK', 'en-FI', 'en-GB', 'en-GR', 'en-HR', 'en-HU', 'en-IE', 'en-IL', 'en-IN', 'en-IS', 'en-KW', 'en-LB', 'en-MT', 'en-NO', 'en-NZ', 'en-OM', 'en-PL', 'en-QA', 'en-RO', 'en-SA', 'en-SE', 'en-SI', 'en-SK', 'en-TR', 'en-ZA', 'es-ES', 'fi-FI', 'fr-BE', 'fr-CH', 'fr-FR', 'fr-LU', 'it-CH', 'it-IT', 'nl-BE', 'nl-NL', 'no-NO', 'pl-PL', 'pt-PT', 'ru-RU', 'ru-UA', 'sv-SE', 'tr-TR']
MISSING	PPSA02552	UP6088-PPSA02552_00	Outbreak	['en-AR', 'en-BR', 'en-CA', 'en-CL', 'en-CO', 'en-MX', 'en-PE', 'en-US', 'es-AR', 'es-BO', 'es-CL', 'es-CO', 'es-CR', 'es-EC', 'es-GT', 'es-HN', 'es-MX', 'es-NI', 'es-PA', 'es-PE', 'es-PY', 'es-SV', 'es-UY', 'fr-CA', 'pt-BR']
MISSING	PPSA02545	EP6087-PPSA02545_00	Outbreak: Epidemic	['ar-AE', 'ar-BH', 'ar-KW', 'ar-LB', 'ar-OM', 'ar-QA', 'ar-SA', 'da-DK', 'de-AT', 'de-CH', 'de-DE', 'de-LU', 'en-AE', 'en-AU', 'en-BG', 'en-BH', 'en-CY', 'en-CZ', 'en-DK', 'en-FI', 'en-GB', 'en-GR', 'en-HR', 'en-HU', 'en-IE', 'en-IL', 'en-IN', 'en-IS', 'en-KW', 'en-LB', 'en-MT', 'en-NO', 'en-NZ', 'en-OM', 'en-PL', 'en-QA', 'en-RO', 'en-SA', 'en-SE', 'en-SI', 'en-SK', 'en-TR', 'en-ZA', 'es-ES', 'fi-FI', 'fr-BE', 'fr-CH', 'fr-FR', 'fr-LU', 'it-CH', 'it-IT', 'nl-BE', 'nl-NL', 'no-NO', 'pl-PL', 'pt-PT', 'ru-RU', 'ru-UA', 'sv-SE', 'tr-TR']
MISSING	PPSA02544	UP6088-PPSA02544_00	Outbreak: Epidemic	['en-AR', 'en-BR', 'en-CA', 'en-CL', 'en-CO', 'en-MX', 'en-PE', 'en-US', 'es-AR', 'es-BO', 'es-CL', 'es-CO', 'es-CR', 'es-EC', 'es-GT', 'es-HN', 'es-MX', 'es-NI', 'es-PA', 'es-PE', 'es-PY', 'es-SV', 'es-UY', 'fr-CA', 'pt-BR']
MISSING	PPSA02549	EP6087-PPSA02549_00	Outbreak: Lost Hope	['ar-AE', 'ar-BH', 'ar-KW', 'ar-LB', 'ar-OM', 'ar-QA', 'da-DK', 'de-AT', 'de-CH', 'de-DE', 'de-LU', 'en-AE', 'en-AU', 'en-BG', 'en-BH', 'en-CY', 'en-CZ', 'en-DK', 'en-FI', 'en-GB', 'en-GR', 'en-HR', 'en-HU', 'en-IE', 'en-IL', 'en-IN', 'en-IS', 'en-KW', 'en-LB', 'en-MT', 'en-NO', 'en-NZ', 'en-OM', 'en-PL', 'en-QA', 'en-RO', 'en-SE', 'en-SI', 'en-SK', 'en-TR', 'en-ZA', 'es-ES', 'fi-FI', 'fr-BE', 'fr-CH', 'fr-FR', 'fr-LU', 'it-CH', 'it-IT', 'nl-BE', 'nl-NL', 'no-NO', 'pl-PL', 'pt-PT', 'ru-RU', 'ru-UA', 'sv-SE', 'tr-TR']
MISSING	PPSA02548	UP6088-PPSA02548_00	Outbreak: Lost Hope	['en-AR', 'en-BR', 'en-CA', 'en-CL', 'en-CO', 'en-MX', 'en-PE', 'en-US', 'es-AR', 'es-BO', 'es-CL', 'es-CO', 'es-CR', 'es-EC', 'es-GT', 'es-HN', 'es-MX', 'es-NI', 'es-PA', 'es-PE', 'es-PY', 'es-SV', 'es-UY', 'fr-CA', 'pt-BR']
MISSING	PPSA02547	EP6087-PPSA02547_00	Outbreak: The New Nightmare	['ar-AE', 'ar-BH', 'ar-KW', 'ar-LB', 'ar-OM', 'ar-QA', 'ar-SA', 'da-DK', 'de-AT', 'de-CH', 'de-DE', 'de-LU', 'en-AE', 'en-AU', 'en-BG', 'en-BH', 'en-CY', 'en-CZ', 'en-DK', 'en-FI', 'en-GB', 'en-GR', 'en-HR', 'en-HU', 'en-IE', 'en-IL', 'en-IN', 'en-IS', 'en-KW', 'en-LB', 'en-MT', 'en-NO', 'en-NZ', 'en-OM', 'en-PL', 'en-QA', 'en-RO', 'en-SA', 'en-SE', 'en-SI', 'en-SK', 'en-TR', 'en-ZA', 'es-ES', 'fi-FI', 'fr-BE', 'fr-CH', 'fr-FR', 'fr-LU', 'it-CH', 'it-IT', 'nl-BE', 'nl-NL', 'no-NO', 'pl-PL', 'pt-PT', 'ru-RU', 'ru-UA', 'sv-SE', 'tr-TR']
MISSING	PPSA02546	UP6088-PPSA02546_00	Outbreak: The New Nightmare	['en-AR', 'en-BR', 'en-CA', 'en-CL', 'en-CO', 'en-MX', 'en-PE', 'en-US', 'es-AR', 'es-BO', 'es-CL', 'es-CO', 'es-CR', 'es-EC', 'es-GT', 'es-HN', 'es-MX', 'es-NI', 'es-PA', 'es-PE', 'es-PY', 'es-SV', 'es-UY', 'fr-CA', 'pt-BR']
MISSING	PPSA02551	EP6087-PPSA02551_00	Outbreak: The Nightmare Chronicles	['ar-AE', 'ar-BH', 'ar-KW', 'ar-LB', 'ar-OM', 'ar-QA', 'ar-SA', 'da-DK', 'de-AT', 'de-CH', 'de-DE', 'de-LU', 'en-AE', 'en-AU', 'en-BG', 'en-BH', 'en-CY', 'en-CZ', 'en-DK', 'en-FI', 'en-GB', 'en-GR', 'en-HR', 'en-HU', 'en-IE', 'en-IL', 'en-IN', 'en-IS', 'en-KW', 'en-LB', 'en-MT', 'en-NO', 'en-NZ', 'en-OM', 'en-PL', 'en-QA', 'en-RO', 'en-SA', 'en-SE', 'en-SI', 'en-SK', 'en-TR', 'en-ZA', 'es-ES', 'fi-FI', 'fr-BE', 'fr-CH', 'fr-FR', 'fr-LU', 'it-CH', 'it-IT', 'nl-BE', 'nl-NL', 'no-NO', 'pl-PL', 'pt-PT', 'ru-RU', 'ru-UA', 'sv-SE', 'tr-TR']
MISSING	PPSA02550	UP6088-PPSA02550_00	Outbreak: The Nightmare Chronicles	['en-AR', 'en-BR', 'en-CA', 'en-CL', 'en-CO', 'en-MX', 'en-PE', 'en-US', 'es-AR', 'es-BO', 'es-CL', 'es-CO', 'es-CR', 'es-EC', 'es-GT', 'es-HN', 'es-MX', 'es-NI', 'es-PA', 'es-PE', 'es-PY', 'es-SV', 'es-UY', 'fr-CA', 'pt-BR']
MISSING	PPSA01779	EP0082-PPSA01779_00	OUTRIDERS	['ar-AE', 'ar-BH', 'ar-KW', 'ar-LB', 'ar-OM', 'ar-QA', 'ar-SA', 'da-DK', 'de-AT', 'de-CH', 'de-DE', 'de-LU', 'en-AE', 'en-AU', 'en-BG', 'en-BH', 'en-CY', 'en-CZ', 'en-DK', 'en-FI', 'en-GB', 'en-GR', 'en-HR', 'en-HU', 'en-IE', 'en-IL', 'en-IN', 'en-IS', 'en-KW', 'en-LB', 'en-MT', 'en-NO', 'en-NZ', 'en-OM', 'en-PL', 'en-QA', 'en-RO', 'en-SA', 'en-SE', 'en-SI', 'en-SK', 'en-TR', 'en-ZA', 'es-ES', 'fi-FI', 'fr-BE', 'fr-CH', 'fr-FR', 'fr-LU', 'it-CH', 'it-IT', 'nl-BE', 'nl-NL', 'no-NO', 'pl-PL', 'pt-PT', 'ru-RU', 'ru-UA', 'sv-SE', 'tr-TR']
MISSING	PPSA01977	HP0082-PPSA01977_00	OUTRIDERS	['en-HK', 'en-TW', 'ko-KR', 'zh-HK', 'zh-TW']
MISSING	PPSA01778	UP0082-PPSA01778_00	OUTRIDERS	['en-AR', 'en-BR', 'en-CA', 'en-CL', 'en-CO', 'en-HK', 'en-ID', 'en-MX', 'en-MY', 'en-PE', 'en-SG', 'en-TH', 'en-TW', 'en-US', 'es-AR', 'es-BO', 'es-CL', 'es-CO', 'es-CR', 'es-EC', 'es-GT', 'es-HN', 'es-MX', 'es-NI', 'es-PA', 'es-PE', 'es-PY', 'es-SV', 'es-UY', 'fr-CA', 'pt-BR', 'zh-HK', 'zh-TW']
	PPSA01528	EP4064-PPSA01528_00-0538983162460184	Overcooked! All You Can Eat	['ar-AE', 'ar-BH', 'ar-KW', 'ar-LB', 'ar-OM', 'ar-QA', 'ar-SA', 'da-DK', 'de-AT', 'de-CH', 'de-DE', 'de-LU', 'en-AE', 'en-AU', 'en-BG', 'en-BH', 'en-CY', 'en-CZ', 'en-DK', 'en-FI', 'en-GB', 'en-GR', 'en-HK', 'en-HR', 'en-HU', 'en-ID', 'en-IE', 'en-IL', 'en-IN', 'en-IS', 'en-KW', 'en-LB', 'en-MT', 'en-MY', 'en-NO', 'en-NZ', 'en-OM', 'en-PL', 'en-QA', 'en-RO', 'en-SA', 'en-SE', 'en-SG', 'en-SI', 'en-SK', 'en-TH', 'en-TR', 'en-TW', 'en-ZA', 'es-ES', 'fi-FI', 'fr-BE', 'fr-CH', 'fr-FR', 'fr-LU', 'it-CH', 'it-IT', 'ja-JP', 'ko-KR', 'nl-BE', 'nl-NL', 'no-NO', 'pl-PL', 'pt-PT', 'ru-RU', 'ru-UA', 'sv-SE', 'tr-TR', 'zh-HK', 'zh-TW']
	PPSA01529	UP4064-PPSA01529_00-4759077947287005	Overcooked! All You Can Eat	['en-AR', 'en-BR', 'en-CA', 'en-CL', 'en-CO', 'en-MX', 'en-PE', 'en-US', 'es-AR', 'es-BO', 'es-CL', 'es-CO', 'es-CR', 'es-EC', 'es-GT', 'es-HN', 'es-MX', 'es-NI', 'es-PA', 'es-PE', 'es-PY', 'es-SV', 'es-UY', 'fr-CA', 'pt-BR']
	PPSA01908	EP4908-PPSA01908_00-OVERRIDEBASEGAME	Override 2: Super Mech League	['ar-AE', 'ar-BH', 'ar-KW', 'ar-LB', 'ar-OM', 'ar-QA', 'ar-SA', 'da-DK', 'de-AT', 'de-CH', 'de-DE', 'de-LU', 'en-AE', 'en-AU', 'en-BG', 'en-BH', 'en-CY', 'en-CZ', 'en-DK', 'en-FI', 'en-GB', 'en-GR', 'en-HR', 'en-HU', 'en-IE', 'en-IL', 'en-IN', 'en-IS', 'en-KW', 'en-LB', 'en-MT', 'en-NO', 'en-NZ', 'en-OM', 'en-PL', 'en-QA', 'en-RO', 'en-SA', 'en-SE', 'en-SI', 'en-SK', 'en-TR', 'en-ZA', 'es-ES', 'fi-FI', 'fr-BE', 'fr-CH', 'fr-FR', 'fr-LU', 'it-CH', 'it-IT', 'nl-BE', 'nl-NL', 'no-NO', 'pl-PL', 'pt-PT', 'ru-RU', 'ru-UA', 'sv-SE', 'tr-TR']
	PPSA01907	UP4735-PPSA01907_00-OVERRIDEBASEGAME	Override 2: Super Mech League	['en-AR', 'en-BR', 'en-CA', 'en-CL', 'en-CO', 'en-HK', 'en-ID', 'en-MX', 'en-MY', 'en-PE', 'en-SG', 'en-TH', 'en-TW', 'en-US', 'es-AR', 'es-BO', 'es-CL', 'es-CO', 'es-CR', 'es-EC', 'es-GT', 'es-HN', 'es-MX', 'es-NI', 'es-PA', 'es-PE', 'es-PY', 'es-SV', 'es-UY', 'fr-CA', 'pt-BR', 'zh-HK', 'zh-TW']
MISSING	PPSA02797	EP3024-PPSA02797_00	Panda Hero Remastered	['ar-AE', 'ar-BH', 'ar-KW', 'ar-LB', 'ar-OM', 'ar-QA', 'ar-SA', 'da-DK', 'de-AT', 'de-CH', 'de-DE', 'de-LU', 'en-AE', 'en-AU', 'en-BG', 'en-BH', 'en-CY', 'en-CZ', 'en-DK', 'en-FI', 'en-GB', 'en-GR', 'en-HR', 'en-HU', 'en-IE', 'en-IL', 'en-IN', 'en-IS', 'en-KW', 'en-LB', 'en-MT', 'en-NO', 'en-NZ', 'en-OM', 'en-PL', 'en-QA', 'en-RO', 'en-SA', 'en-SE', 'en-SI', 'en-SK', 'en-TR', 'en-ZA', 'es-ES', 'fi-FI', 'fr-BE', 'fr-CH', 'fr-FR', 'fr-LU', 'it-CH', 'it-IT', 'nl-BE', 'nl-NL', 'no-NO', 'pl-PL', 'pt-PT', 'ru-RU', 'ru-UA', 'sv-SE', 'tr-TR']
MISSING	PPSA02798	UP3165-PPSA02798_00	Panda Hero Remastered	['en-AR', 'en-BR', 'en-CA', 'en-CL', 'en-CO', 'en-MX', 'en-PE', 'en-US', 'es-AR', 'es-BO', 'es-CL', 'es-CO', 'es-CR', 'es-EC', 'es-GT', 'es-HN', 'es-MX', 'es-NI', 'es-PA', 'es-PE', 'es-PY', 'es-SV', 'es-UY', 'fr-CA', 'pt-BR']
	PPSA01735	EP2377-PPSA01735_00-PLANETCOASTER000	Planet Coaster	['ar-AE', 'ar-BH', 'ar-KW', 'ar-LB', 'ar-OM', 'ar-QA', 'ar-SA', 'da-DK', 'de-AT', 'de-CH', 'de-DE', 'de-LU', 'en-AE', 'en-AU', 'en-BG', 'en-BH', 'en-CY', 'en-CZ', 'en-DK', 'en-FI', 'en-GB', 'en-GR', 'en-HR', 'en-HU', 'en-IE', 'en-IL', 'en-IN', 'en-IS', 'en-KW', 'en-LB', 'en-MT', 'en-NO', 'en-NZ', 'en-OM', 'en-PL', 'en-QA', 'en-RO', 'en-SA', 'en-SE', 'en-SI', 'en-SK', 'en-TR', 'en-ZA', 'es-ES', 'fi-FI', 'fr-BE', 'fr-CH', 'fr-FR', 'fr-LU', 'it-CH', 'it-IT', 'ja-JP', 'nl-BE', 'nl-NL', 'no-NO', 'pl-PL', 'pt-PT', 'ru-RU', 'ru-UA', 'sv-SE', 'tr-TR']
	PPSA01736	UP2514-PPSA01736_00-PLANETCOASTER000	Planet Coaster	['en-AR', 'en-BR', 'en-CA', 'en-CL', 'en-CO', 'en-MX', 'en-PE', 'en-US', 'es-AR', 'es-BO', 'es-CL', 'es-CO', 'es-CR', 'es-EC', 'es-GT', 'es-HN', 'es-MX', 'es-NI', 'es-PA', 'es-PE', 'es-PY', 'es-SV', 'es-UY', 'fr-CA', 'pt-BR']
MISSING	PPSA01959	EP4337-PPSA01959_00-POKERCLUB0000001	Poker Club	['ar-AE', 'ar-BH', 'ar-KW', 'ar-LB', 'ar-OM', 'ar-QA', 'ar-SA', 'da-DK', 'de-AT', 'de-CH', 'de-DE', 'de-LU', 'en-AE', 'en-AU', 'en-BG', 'en-BH', 'en-CY', 'en-CZ', 'en-DK', 'en-FI', 'en-GB', 'en-GR', 'en-HR', 'en-HU', 'en-IE', 'en-IL', 'en-IN', 'en-IS', 'en-KW', 'en-LB', 'en-MT', 'en-NO', 'en-NZ', 'en-OM', 'en-PL', 'en-QA', 'en-RO', 'en-SA', 'en-SE', 'en-SI', 'en-SK', 'en-TR', 'en-ZA', 'es-ES', 'fi-FI', 'fr-BE', 'fr-CH', 'fr-FR', 'fr-LU', 'it-CH', 'it-IT', 'nl-BE', 'nl-NL', 'no-NO', 'pl-PL', 'pt-PT', 'ru-RU', 'ru-UA', 'sv-SE', 'tr-TR']
MISSING	PPSA01960	UP2070-PPSA01960_00-POKERCLUB0000001	Poker Club	['en-AR', 'en-BR', 'en-CA', 'en-CL', 'en-CO', 'en-MX', 'en-PE', 'en-US', 'es-AR', 'es-BO', 'es-CL', 'es-CO', 'es-CR', 'es-EC', 'es-GT', 'es-HN', 'es-MX', 'es-NI', 'es-PA', 'es-PE', 'es-PY', 'es-SV', 'es-UY', 'fr-CA', 'pt-BR']
	PPSA01938	EP0177-PPSA01938_00-TENPEXTENPEX0000	Puyo Puyo™ Tetris® 2	['ar-AE', 'ar-BH', 'ar-KW', 'ar-LB', 'ar-OM', 'ar-QA', 'ar-SA', 'da-DK', 'de-AT', 'de-CH', 'de-DE', 'de-LU', 'en-AE', 'en-AU', 'en-BG', 'en-BH', 'en-CY', 'en-CZ', 'en-DK', 'en-FI', 'en-GB', 'en-GR', 'en-HR', 'en-HU', 'en-IE', 'en-IL', 'en-IN', 'en-IS', 'en-KW', 'en-LB', 'en-MT', 'en-NO', 'en-NZ', 'en-OM', 'en-PL', 'en-QA', 'en-RO', 'en-SA', 'en-SE', 'en-SI', 'en-SK', 'en-TR', 'en-ZA', 'es-ES', 'fi-FI', 'fr-BE', 'fr-CH', 'fr-FR', 'fr-LU', 'it-CH', 'it-IT', 'nl-BE', 'nl-NL', 'no-NO', 'pl-PL', 'pt-PT', 'ru-RU', 'ru-UA', 'sv-SE', 'tr-TR']
	PPSA01530	JP0177-PPSA01530_00-TENPEXTENPEX0000	Puyo Puyo™ Tetris® 2	['en-HK', 'en-ID', 'en-MY', 'en-SG', 'en-TH', 'en-TW', 'ja-JP', 'ko-KR', 'zh-HK', 'zh-TW']
	PPSA01937	UP0177-PPSA01937_00-TENPEXTENPEX0000	Puyo Puyo™ Tetris® 2	['en-AR', 'en-BR', 'en-CA', 'en-CL', 'en-CO', 'en-MX', 'en-PE', 'en-US', 'es-AR', 'es-BO', 'es-CL', 'es-CO', 'es-CR', 'es-EC', 'es-GT', 'es-HN', 'es-MX', 'es-NI', 'es-PA', 'es-PE', 'es-PY', 'es-SV', 'es-UY', 'fr-CA', 'pt-BR']
	PPSA02329	JP0177-PPSA02329_00-TENPEXTENPEXDEMO	Puyo Puyo™ Tetris® 2 Demo Version	['en-HK', 'en-ID', 'en-MY', 'en-SG', 'en-TH', 'en-TW', 'ja-JP', 'ko-KR', 'zh-HK', 'zh-TW']
MISSING	PPSA01474	EP9000-PPSA01474_00	Ratchet and Clank: Rift Apart Digital Deluxe Edition	['ar-AE', 'ar-BH', 'ar-KW', 'ar-LB', 'ar-OM', 'ar-QA', 'ar-SA', 'da-DK', 'de-AT', 'de-CH', 'de-DE', 'de-LU', 'en-AE', 'en-AU', 'en-BG', 'en-BH', 'en-CY', 'en-CZ', 'en-DK', 'en-FI', 'en-GB', 'en-GR', 'en-HR', 'en-HU', 'en-IE', 'en-IL', 'en-IN', 'en-IS', 'en-KW', 'en-LB', 'en-MT', 'en-NO', 'en-NZ', 'en-OM', 'en-PL', 'en-QA', 'en-RO', 'en-SA', 'en-SE', 'en-SI', 'en-SK', 'en-TR', 'en-ZA', 'es-ES', 'fi-FI', 'fr-BE', 'fr-CH', 'fr-FR', 'fr-LU', 'it-CH', 'it-IT', 'nl-BE', 'nl-NL', 'no-NO', 'pl-PL', 'pt-PT', 'ru-RU', 'ru-UA', 'sv-SE', 'tr-TR']
MISSING	PPSA01473	UP9000-PPSA01473_00	Ratchet and Clank: Rift Apart Digital Deluxe Edition	['en-AR', 'en-BR', 'en-CA', 'en-CL', 'en-CO', 'en-MX', 'en-PE', 'en-US', 'es-AR', 'es-BO', 'es-CL', 'es-CO', 'es-CR', 'es-EC', 'es-GT', 'es-HN', 'es-MX', 'es-NI', 'es-PA', 'es-PE', 'es-PY', 'es-SV', 'es-UY', 'fr-CA', 'pt-BR']
MISSING	PPSA02332	EP1629-PPSA02332_00	Renzo Racer	['ar-AE', 'ar-BH', 'ar-KW', 'ar-LB', 'ar-OM', 'ar-QA', 'ar-SA', 'da-DK', 'de-AT', 'de-CH', 'de-DE', 'de-LU', 'en-AE', 'en-AU', 'en-BG', 'en-BH', 'en-CY', 'en-CZ', 'en-DK', 'en-FI', 'en-GB', 'en-GR', 'en-HR', 'en-HU', 'en-IE', 'en-IL', 'en-IN', 'en-IS', 'en-KW', 'en-LB', 'en-MT', 'en-NO', 'en-NZ', 'en-OM', 'en-PL', 'en-QA', 'en-RO', 'en-SA', 'en-SE', 'en-SI', 'en-SK', 'en-TR', 'en-ZA', 'es-ES', 'fi-FI', 'fr-BE', 'fr-CH', 'fr-FR', 'fr-LU', 'it-CH', 'it-IT', 'nl-BE', 'nl-NL', 'no-NO', 'pl-PL', 'pt-PT', 'ru-RU', 'ru-UA', 'sv-SE', 'tr-TR']
MISSING	PPSA02609	UP1643-PPSA02609_00	Renzo Racer	['en-AR', 'en-BR', 'en-CA', 'en-CL', 'en-CO', 'en-MX', 'en-PE', 'en-US', 'es-AR', 'es-BO', 'es-CL', 'es-CO', 'es-CR', 'es-EC', 'es-GT', 'es-HN', 'es-MX', 'es-NI', 'es-PA', 'es-PE', 'es-PY', 'es-SV', 'es-UY', 'fr-CA', 'pt-BR']
MISSING	PPSA01557	EP0102-PPSA01557_00	Resident Evil Village PS4 and PS5	['ar-AE', 'ar-BH', 'ar-KW', 'ar-LB', 'ar-OM', 'ar-QA', 'ar-SA', 'da-DK', 'de-AT', 'de-CH', 'de-DE', 'de-LU', 'en-AE', 'en-AU', 'en-BG', 'en-BH', 'en-CY', 'en-CZ', 'en-DK', 'en-FI', 'en-GB', 'en-GR', 'en-HR', 'en-HU', 'en-IE', 'en-IL', 'en-IN', 'en-IS', 'en-KW', 'en-LB', 'en-MT', 'en-NO', 'en-NZ', 'en-OM', 'en-PL', 'en-QA', 'en-RO', 'en-SA', 'en-SE', 'en-SI', 'en-SK', 'en-TR', 'en-ZA', 'es-ES', 'fi-FI', 'fr-BE', 'fr-CH', 'fr-FR', 'fr-LU', 'it-CH', 'it-IT', 'nl-BE', 'nl-NL', 'no-NO', 'pl-PL', 'pt-PT', 'ru-RU', 'ru-UA', 'sv-SE', 'tr-TR']
MISSING	PPSA01559	HP0102-PPSA01559_00	Resident Evil Village PS4 and PS5	['en-HK', 'en-ID', 'en-MY', 'en-SG', 'en-TH', 'en-TW', 'ko-KR', 'zh-HK', 'zh-TW']
MISSING	PPSA01556	UP0102-PPSA01556_00	Resident Evil Village PS4 and PS5	['en-AR', 'en-BR', 'en-CA', 'en-CL', 'en-CO', 'en-HK', 'en-ID', 'en-MX', 'en-MY', 'en-PE', 'en-SG', 'en-TH', 'en-TW', 'en-US', 'es-AR', 'es-BO', 'es-CL', 'es-CO', 'es-CR', 'es-EC', 'es-GT', 'es-HN', 'es-MX', 'es-NI', 'es-PA', 'es-PE', 'es-PY', 'es-SV', 'es-UY', 'fr-CA', 'pt-BR', 'zh-HK', 'zh-TW']
MISSING	PPSA01285	EP9000-PPSA01285_00	Returnal Digital Deluxe Edition	['ar-AE', 'ar-BH', 'ar-KW', 'ar-LB', 'ar-OM', 'ar-QA', 'ar-SA', 'da-DK', 'de-AT', 'de-CH', 'de-DE', 'de-LU', 'en-AE', 'en-AU', 'en-BG', 'en-BH', 'en-CY', 'en-CZ', 'en-DK', 'en-FI', 'en-GB', 'en-GR', 'en-HR', 'en-HU', 'en-IE', 'en-IL', 'en-IN', 'en-IS', 'en-KW', 'en-LB', 'en-MT', 'en-NO', 'en-NZ', 'en-OM', 'en-PL', 'en-QA', 'en-RO', 'en-SA', 'en-SE', 'en-SI', 'en-SK', 'en-TR', 'en-ZA', 'es-ES', 'fi-FI', 'fr-BE', 'fr-CH', 'fr-FR', 'fr-LU', 'it-CH', 'it-IT', 'nl-BE', 'nl-NL', 'no-NO', 'pl-PL', 'pt-PT', 'ru-RU', 'ru-UA', 'sv-SE', 'tr-TR']
MISSING	PPSA01284	UP9000-PPSA01284_00	Returnal Digital Deluxe Edition	['en-AR', 'en-BR', 'en-CA', 'en-CL', 'en-CO', 'en-MX', 'en-PE', 'en-US', 'es-AR', 'es-BO', 'es-CL', 'es-CO', 'es-CR', 'es-EC', 'es-GT', 'es-HN', 'es-MX', 'es-NI', 'es-PA', 'es-PE', 'es-PY', 'es-SV', 'es-UY', 'fr-CA', 'pt-BR']
MISSING	PPSA01287	HP9000-PPSA01287_00	Returnal™ Digital Deluxe Edition	['en-HK', 'en-ID', 'en-MY', 'en-SG', 'en-TH', 'en-TW', 'ko-KR', 'zh-HK', 'zh-TW']
MISSING	PPSA01286	JP9000-PPSA01286_00	Returnal™ デジタルデラックス版	['ja-JP']
	PPSA01599	EP4356-PPSA01599_00-RIDE4FULLGAME000	RIDE 4	['ar-AE', 'ar-BH', 'ar-KW', 'ar-LB', 'ar-OM', 'ar-QA', 'ar-SA', 'da-DK', 'de-AT', 'de-CH', 'de-DE', 'de-LU', 'en-AE', 'en-AU', 'en-BG', 'en-BH', 'en-CY', 'en-CZ', 'en-DK', 'en-FI', 'en-GB', 'en-GR', 'en-HK', 'en-HR', 'en-HU', 'en-ID', 'en-IE', 'en-IL', 'en-IN', 'en-IS', 'en-KW', 'en-LB', 'en-MT', 'en-MY', 'en-NO', 'en-NZ', 'en-OM', 'en-PL', 'en-QA', 'en-RO', 'en-SA', 'en-SE', 'en-SG', 'en-SI', 'en-SK', 'en-TH', 'en-TR', 'en-TW', 'en-ZA', 'es-ES', 'fi-FI', 'fr-BE', 'fr-CH', 'fr-FR', 'fr-LU', 'it-CH', 'it-IT', 'nl-BE', 'nl-NL', 'no-NO', 'pl-PL', 'pt-PT', 'ru-RU', 'ru-UA', 'sv-SE', 'tr-TR', 'zh-HK', 'zh-TW']
	PPSA02583	JP1201-PPSA02583_00-RIDE4FULLGAME000	RIDE 4	['ja-JP']
	PPSA01598	UP1981-PPSA01598_00-RIDE4FULLGAME000	RIDE 4	['en-AR', 'en-BR', 'en-CA', 'en-CL', 'en-CO', 'en-MX', 'en-PE', 'en-US', 'es-AR', 'es-BO', 'es-CL', 'es-CO', 'es-CR', 'es-EC', 'es-GT', 'es-HN', 'es-MX', 'es-NI', 'es-PA', 'es-PE', 'es-PY', 'es-SV', 'es-UY', 'fr-CA', 'pt-BR']
	PPSA01288	EP9000-PPSA01288_00-SACKBOYADVENTURE	Sackboy: A Big Adventure	['ar-AE', 'ar-BH', 'ar-KW', 'ar-LB', 'ar-OM', 'ar-QA', 'ar-SA', 'da-DK', 'de-AT', 'de-CH', 'de-DE', 'de-LU', 'en-AE', 'en-AU', 'en-BG', 'en-BH', 'en-CY', 'en-CZ', 'en-DK', 'en-FI', 'en-GB', 'en-GR', 'en-HR', 'en-HU', 'en-IE', 'en-IL', 'en-IN', 'en-IS', 'en-KW', 'en-LB', 'en-MT', 'en-NO', 'en-NZ', 'en-OM', 'en-PL', 'en-QA', 'en-RO', 'en-SA', 'en-SE', 'en-SI', 'en-SK', 'en-TR', 'en-ZA', 'es-ES', 'fi-FI', 'fr-BE', 'fr-CH', 'fr-FR', 'fr-LU', 'it-CH', 'it-IT', 'nl-BE', 'nl-NL', 'no-NO', 'pl-PL', 'pt-PT', 'ru-RU', 'ru-UA', 'sv-SE', 'tr-TR']
	PPSA01289	UP9000-PPSA01289_00-SACKBOYADVENTURE	Sackboy: A Big Adventure	['en-AR', 'en-BR', 'en-CA', 'en-CL', 'en-CO', 'en-MX', 'en-PE', 'en-US', 'es-AR', 'es-BO', 'es-CL', 'es-CO', 'es-CR', 'es-EC', 'es-GT', 'es-HN', 'es-MX', 'es-NI', 'es-PA', 'es-PE', 'es-PY', 'es-SV', 'es-UY', 'fr-CA', 'pt-BR']
MISSING	PPSA01814	EP9000-PPSA01814_00-SACKBOYBONUS0001	Sackboy: A Big Adventure Bonus Content	['ar-AE', 'ar-BH', 'ar-KW', 'ar-LB', 'ar-OM', 'ar-QA', 'ar-SA', 'da-DK', 'de-AT', 'de-CH', 'de-DE', 'de-LU', 'en-AE', 'en-AU', 'en-BG', 'en-BH', 'en-CY', 'en-CZ', 'en-DK', 'en-FI', 'en-GB', 'en-GR', 'en-HR', 'en-HU', 'en-IE', 'en-IL', 'en-IN', 'en-IS', 'en-KW', 'en-LB', 'en-MT', 'en-NO', 'en-NZ', 'en-OM', 'en-PL', 'en-QA', 'en-RO', 'en-SA', 'en-SE', 'en-SI', 'en-SK', 'en-TR', 'en-ZA', 'es-ES', 'fi-FI', 'fr-BE', 'fr-CH', 'fr-FR', 'fr-LU', 'it-CH', 'it-IT', 'nl-BE', 'nl-NL', 'no-NO', 'pl-PL', 'pt-PT', 'ru-RU', 'ru-UA', 'sv-SE', 'tr-TR']
MISSING	PPSA01816	HP9000-PPSA01816_00-SACKBOYBONUS0001	Sackboy: A Big Adventure Bonus Content	['en-HK', 'en-ID', 'en-MY', 'en-SG', 'en-TH', 'en-TW', 'ko-KR', 'zh-HK', 'zh-TW']
MISSING	PPSA01813	UP9000-PPSA01813_00-SACKBOYBONUS0001	Sackboy: A Big Adventure Bonus Content	['en-AR', 'en-BR', 'en-CA', 'en-CL', 'en-CO', 'en-MX', 'en-PE', 'en-US', 'es-AR', 'es-BO', 'es-CL', 'es-CO', 'es-CR', 'es-EC', 'es-GT', 'es-HN', 'es-MX', 'es-NI', 'es-PA', 'es-PE', 'es-PY', 'es-SV', 'es-UY', 'fr-CA', 'pt-BR']
	PPSA01292	HP9000-PPSA01292_00-SACKBOYADVENTURE	Sackboy™: A Big Adventure	['en-HK', 'en-ID', 'en-MY', 'en-SG', 'en-TH', 'en-TW', 'ko-KR', 'zh-HK', 'zh-TW']
	PPSA01291	JP9000-PPSA01291_00-SACKBOYADVENTURE	Sackboy™: A Big Adventure	['ja-JP']
MISSING	PPSA02515	EP2077-PPSA02515_00-SHAKEDOWNHAWAII0	Shakedown: Hawaii	['ar-AE', 'ar-BH', 'ar-KW', 'ar-LB', 'ar-OM', 'ar-QA', 'da-DK', 'de-AT', 'de-CH', 'de-DE', 'de-LU', 'en-AE', 'en-AU', 'en-BG', 'en-BH', 'en-CY', 'en-CZ', 'en-DK', 'en-FI', 'en-GB', 'en-GR', 'en-HR', 'en-HU', 'en-IE', 'en-IL', 'en-IN', 'en-IS', 'en-KW', 'en-LB', 'en-MT', 'en-NO', 'en-NZ', 'en-OM', 'en-PL', 'en-QA', 'en-RO', 'en-SE', 'en-SI', 'en-SK', 'en-TR', 'en-ZA', 'es-ES', 'fi-FI', 'fr-BE', 'fr-CH', 'fr-FR', 'fr-LU', 'it-CH', 'it-IT', 'nl-BE', 'nl-NL', 'no-NO', 'pl-PL', 'pt-PT', 'ru-RU', 'ru-UA', 'sv-SE', 'tr-TR']
MISSING	PPSA02514	UP2077-PPSA02514_00-SHAKEDOWNHAWAII0	Shakedown: Hawaii	['en-AR', 'en-BR', 'en-CA', 'en-CL', 'en-CO', 'en-MX', 'en-PE', 'en-US', 'es-AR', 'es-BO', 'es-CL', 'es-CO', 'es-CR', 'es-EC', 'es-GT', 'es-HN', 'es-MX', 'es-NI', 'es-PA', 'es-PE', 'es-PY', 'es-SV', 'es-UY', 'fr-CA', 'pt-BR']
	PPSA01280	IP9100-PPSA01280_00-SFSRELE000000100	Share Factory Studio	['en-AR', 'en-BR', 'en-CA', 'en-CL', 'en-CO', 'en-HK', 'en-ID', 'en-MX', 'en-MY', 'en-PE', 'en-SG', 'en-TH', 'en-TW', 'en-US', 'es-AR', 'es-BO', 'es-CL', 'es-CO', 'es-CR', 'es-EC', 'es-GT', 'es-HN', 'es-MX', 'es-NI', 'es-PA', 'es-PE', 'es-PY', 'es-SV', 'es-UY', 'fr-CA', 'ja-JP', 'ko-KR', 'pt-BR', 'zh-HK', 'zh-TW']
MISSING	PPSA02320	EP4403-PPSA02320_00-SPARKLE200000000	Sparkle 2	['ar-AE', 'ar-BH', 'ar-KW', 'ar-LB', 'ar-OM', 'ar-QA', 'ar-SA', 'da-DK', 'de-AT', 'de-CH', 'de-DE', 'de-LU', 'en-AE', 'en-AU', 'en-BG', 'en-BH', 'en-CY', 'en-CZ', 'en-DK', 'en-FI', 'en-GB', 'en-GR', 'en-HR', 'en-HU', 'en-IE', 'en-IL', 'en-IN', 'en-IS', 'en-KW', 'en-LB', 'en-MT', 'en-NO', 'en-NZ', 'en-OM', 'en-PL', 'en-QA', 'en-RO', 'en-SA', 'en-SE', 'en-SI', 'en-SK', 'en-TR', 'en-ZA', 'es-ES', 'fi-FI', 'fr-BE', 'fr-CH', 'fr-FR', 'fr-LU', 'it-CH', 'it-IT', 'nl-BE', 'nl-NL', 'no-NO', 'pl-PL', 'pt-PT', 'ru-RU', 'ru-UA', 'sv-SE', 'tr-TR']
MISSING	PPSA02319	UP4403-PPSA02319_00-SPARKLE200000000	Sparkle 2	['en-AR', 'en-BR', 'en-CA', 'en-CL', 'en-CO', 'en-MX', 'en-PE', 'en-US', 'es-AR', 'es-BO', 'es-CL', 'es-CO', 'es-CR', 'es-EC', 'es-GT', 'es-HN', 'es-MX', 'es-NI', 'es-PA', 'es-PE', 'es-PY', 'es-SV', 'es-UY', 'fr-CA', 'pt-BR']
MISSING	PPSA02322	EP4403-PPSA02322_00-SPARKLEUNLEASHED	Sparkle Unleashed	['ar-AE', 'ar-BH', 'ar-KW', 'ar-LB', 'ar-OM', 'ar-QA', 'ar-SA', 'da-DK', 'de-AT', 'de-CH', 'de-DE', 'de-LU', 'en-AE', 'en-AU', 'en-BG', 'en-BH', 'en-CY', 'en-CZ', 'en-DK', 'en-FI', 'en-GB', 'en-GR', 'en-HR', 'en-HU', 'en-IE', 'en-IL', 'en-IN', 'en-IS', 'en-KW', 'en-LB', 'en-MT', 'en-NO', 'en-NZ', 'en-OM', 'en-PL', 'en-QA', 'en-RO', 'en-SA', 'en-SE', 'en-SI', 'en-SK', 'en-TR', 'en-ZA', 'es-ES', 'fi-FI', 'fr-BE', 'fr-CH', 'fr-FR', 'fr-LU', 'it-CH', 'it-IT', 'nl-BE', 'nl-NL', 'no-NO', 'pl-PL', 'pt-PT', 'ru-RU', 'ru-UA', 'sv-SE', 'tr-TR']
MISSING	PPSA02321	UP4403-PPSA02321_00-SPARKLEUNLEASHED	Sparkle Unleashed	['en-AR', 'en-BR', 'en-CA', 'en-CL', 'en-CO', 'en-MX', 'en-PE', 'en-US', 'es-AR', 'es-BO', 'es-CL', 'es-CO', 'es-CR', 'es-EC', 'es-GT', 'es-HN', 'es-MX', 'es-NI', 'es-PA', 'es-PE', 'es-PY', 'es-SV', 'es-UY', 'fr-CA', 'pt-BR']
MISSING	PPSA02305	EP1121-PPSA02305_00	Spirit of the North: Enhanced Edition	['ar-AE', 'ar-BH', 'ar-KW', 'ar-LB', 'ar-OM', 'ar-QA', 'da-DK', 'de-AT', 'de-CH', 'de-DE', 'de-LU', 'en-AE', 'en-AU', 'en-BG', 'en-BH', 'en-CY', 'en-CZ', 'en-DK', 'en-FI', 'en-GB', 'en-GR', 'en-HR', 'en-HU', 'en-IE', 'en-IL', 'en-IN', 'en-IS', 'en-KW', 'en-LB', 'en-MT', 'en-NO', 'en-NZ', 'en-OM', 'en-PL', 'en-QA', 'en-RO', 'en-SE', 'en-SI', 'en-SK', 'en-TR', 'en-ZA', 'es-ES', 'fi-FI', 'fr-BE', 'fr-CH', 'fr-FR', 'fr-LU', 'it-CH', 'it-IT', 'nl-BE', 'nl-NL', 'no-NO', 'pl-PL', 'pt-PT', 'ru-RU', 'ru-UA', 'sv-SE', 'tr-TR']
	PPSA02306	UP1260-PPSA02306_00-SPIRITPS5SIEA001	Spirit of the North: Enhanced Edition	['en-AR', 'en-BR', 'en-CA', 'en-CL', 'en-CO', 'en-HK', 'en-ID', 'en-MX', 'en-MY', 'en-PE', 'en-SG', 'en-TH', 'en-TW', 'en-US', 'es-AR', 'es-BO', 'es-CL', 'es-CO', 'es-CR', 'es-EC', 'es-GT', 'es-HN', 'es-MX', 'es-NI', 'es-PA', 'es-PE', 'es-PY', 'es-SV', 'es-UY', 'fr-CA', 'ja-JP', 'pt-BR', 'zh-HK', 'zh-TW']
MISSING	PPSA01801	EP3717-PPSA01801_00-TEMTEM000000000A	Temtem	['ar-AE', 'ar-BH', 'ar-KW', 'ar-LB', 'ar-OM', 'ar-QA', 'da-DK', 'de-AT', 'de-CH', 'de-DE', 'de-LU', 'en-AE', 'en-AU', 'en-BG', 'en-BH', 'en-CY', 'en-CZ', 'en-DK', 'en-FI', 'en-GB', 'en-GR', 'en-HR', 'en-HU', 'en-IE', 'en-IL', 'en-IN', 'en-IS', 'en-KW', 'en-LB', 'en-MT', 'en-NO', 'en-NZ', 'en-OM', 'en-PL', 'en-QA', 'en-RO', 'en-SE', 'en-SI', 'en-SK', 'en-TR', 'en-ZA', 'es-ES', 'fi-FI', 'fr-BE', 'fr-CH', 'fr-FR', 'fr-LU', 'it-CH', 'it-IT', 'nl-BE', 'nl-NL', 'no-NO', 'pl-PL', 'pt-PT', 'ru-RU', 'ru-UA', 'sv-SE', 'tr-TR']
	PPSA01800	UP3864-PPSA01800_00-TEMTEM000000000A	Temtem	['en-AR', 'en-BR', 'en-CA', 'en-CL', 'en-CO', 'en-HK', 'en-ID', 'en-MX', 'en-MY', 'en-PE', 'en-SG', 'en-TH', 'en-TW', 'en-US', 'es-AR', 'es-BO', 'es-CL', 'es-CO', 'es-CR', 'es-EC', 'es-GT', 'es-HN', 'es-MX', 'es-NI', 'es-PA', 'es-PE', 'es-PY', 'es-SV', 'es-UY', 'fr-CA', 'ja-JP', 'ko-KR', 'pt-BR', 'zh-HK', 'zh-TW']
MISSING	PPSA02271	EP4403-PPSA02271_00-TESLAFORCE000000	Tesla Force	['ar-AE', 'ar-BH', 'ar-KW', 'ar-LB', 'ar-OM', 'ar-QA', 'da-DK', 'de-AT', 'de-CH', 'de-DE', 'de-LU', 'en-AE', 'en-AU', 'en-BG', 'en-BH', 'en-CY', 'en-CZ', 'en-DK', 'en-FI', 'en-GB', 'en-GR', 'en-HR', 'en-HU', 'en-IE', 'en-IL', 'en-IN', 'en-IS', 'en-KW', 'en-LB', 'en-MT', 'en-NO', 'en-NZ', 'en-OM', 'en-PL', 'en-QA', 'en-RO', 'en-SE', 'en-SI', 'en-SK', 'en-TR', 'en-ZA', 'es-ES', 'fi-FI', 'fr-BE', 'fr-CH', 'fr-FR', 'fr-LU', 'it-CH', 'it-IT', 'nl-BE', 'nl-NL', 'no-NO', 'pl-PL', 'pt-PT', 'ru-RU', 'ru-UA', 'sv-SE', 'tr-TR']
MISSING	PPSA02270	UP4403-PPSA02270_00-TESLAFORCE000000	Tesla Force	['en-AR', 'en-BR', 'en-CA', 'en-CL', 'en-CO', 'en-MX', 'en-PE', 'en-US', 'es-AR', 'es-BO', 'es-CL', 'es-CO', 'es-CR', 'es-EC', 'es-GT', 'es-HN', 'es-MX', 'es-NI', 'es-PA', 'es-PE', 'es-PY', 'es-SV', 'es-UY', 'fr-CA', 'pt-BR']
MISSING	PPSA02518	EP4403-PPSA02518_00	Tesla vs Lovecraft	['ar-AE', 'ar-BH', 'ar-KW', 'ar-LB', 'ar-OM', 'ar-QA', 'da-DK', 'de-AT', 'de-CH', 'de-DE', 'de-LU', 'en-AE', 'en-AU', 'en-BG', 'en-BH', 'en-CY', 'en-CZ', 'en-DK', 'en-FI', 'en-GB', 'en-GR', 'en-HR', 'en-HU', 'en-IE', 'en-IL', 'en-IN', 'en-IS', 'en-KW', 'en-LB', 'en-MT', 'en-NO', 'en-NZ', 'en-OM', 'en-PL', 'en-QA', 'en-RO', 'en-SE', 'en-SI', 'en-SK', 'en-TR', 'en-ZA', 'es-ES', 'fi-FI', 'fr-BE', 'fr-CH', 'fr-FR', 'fr-LU', 'it-CH', 'it-IT', 'nl-BE', 'nl-NL', 'no-NO', 'pl-PL', 'pt-PT', 'ru-RU', 'ru-UA', 'sv-SE', 'tr-TR']
MISSING	PPSA02517	UP4403-PPSA02517_00	Tesla vs Lovecraft	['en-AR', 'en-BR', 'en-CA', 'en-CL', 'en-CO', 'en-MX', 'en-PE', 'en-US', 'es-AR', 'es-BO', 'es-CL', 'es-CO', 'es-CR', 'es-EC', 'es-GT', 'es-HN', 'es-MX', 'es-NI', 'es-PA', 'es-PE', 'es-PY', 'es-SV', 'es-UY', 'fr-CA', 'pt-BR']
	PPSA01826	EP2333-PPSA01826_00-PATHLESSSIEE0000	The Pathless	['ar-AE', 'ar-BH', 'ar-KW', 'ar-LB', 'ar-OM', 'ar-QA', 'ar-SA', 'da-DK', 'de-AT', 'de-CH', 'de-DE', 'de-LU', 'en-AE', 'en-AU', 'en-BG', 'en-BH', 'en-CY', 'en-CZ', 'en-DK', 'en-FI', 'en-GB', 'en-GR', 'en-HR', 'en-HU', 'en-IE', 'en-IL', 'en-IN', 'en-IS', 'en-KW', 'en-LB', 'en-MT', 'en-NO', 'en-NZ', 'en-OM', 'en-PL', 'en-QA', 'en-RO', 'en-SA', 'en-SE', 'en-SI', 'en-SK', 'en-TR', 'en-ZA', 'es-ES', 'fi-FI', 'fr-BE', 'fr-CH', 'fr-FR', 'fr-LU', 'it-CH', 'it-IT', 'nl-BE', 'nl-NL', 'no-NO', 'pl-PL', 'pt-PT', 'ru-RU', 'ru-UA', 'sv-SE', 'tr-TR']
MISSING	PPSA02104	HP2418-PPSA02104_00-PATHLESSSIEJASIA	The Pathless	['en-HK', 'en-ID', 'en-MY', 'en-SG', 'en-TH', 'en-TW', 'ko-KR', 'zh-HK', 'zh-TW']
MISSING	PPSA01827	JP2517-PPSA01827_00-PATHLESSSIEJ0000	The Pathless	['ja-JP']
	PPSA01825	UP2470-PPSA01825_00-PATHLESSSIEA0000	The Pathless	['en-AR', 'en-BR', 'en-CA', 'en-CL', 'en-CO', 'en-MX', 'en-PE', 'en-US', 'es-AR', 'es-BO', 'es-CL', 'es-CO', 'es-CR', 'es-EC', 'es-GT', 'es-HN', 'es-MX', 'es-NI', 'es-PA', 'es-PE', 'es-PY', 'es-SV', 'es-UY', 'fr-CA', 'pt-BR']
MISSING	PPSA02854	EP2236-PPSA02854_00-THEPEDESTRIAN002	The Pedestrian	['ar-AE', 'ar-BH', 'ar-KW', 'ar-LB', 'ar-OM', 'ar-QA', 'ar-SA', 'da-DK', 'de-AT', 'de-CH', 'de-DE', 'de-LU', 'en-AE', 'en-AU', 'en-BG', 'en-BH', 'en-CY', 'en-CZ', 'en-DK', 'en-FI', 'en-GB', 'en-GR', 'en-HR', 'en-HU', 'en-IE', 'en-IL', 'en-IN', 'en-IS', 'en-KW', 'en-LB', 'en-MT', 'en-NO', 'en-NZ', 'en-OM', 'en-PL', 'en-QA', 'en-RO', 'en-SA', 'en-SE', 'en-SI', 'en-SK', 'en-TR', 'en-ZA', 'es-ES', 'fi-FI', 'fr-BE', 'fr-CH', 'fr-FR', 'fr-LU', 'it-CH', 'it-IT', 'nl-BE', 'nl-NL', 'no-NO', 'pl-PL', 'pt-PT', 'ru-RU', 'ru-UA', 'sv-SE', 'tr-TR']
	PPSA02408	UP2373-PPSA02408_00-THEPEDESTRIAN001	The Pedestrian	['en-AR', 'en-BR', 'en-CA', 'en-CL', 'en-CO', 'en-HK', 'en-ID', 'en-MX', 'en-MY', 'en-PE', 'en-SG', 'en-TH', 'en-TW', 'en-US', 'es-AR', 'es-BO', 'es-CL', 'es-CO', 'es-CR', 'es-EC', 'es-GT', 'es-HN', 'es-MX', 'es-NI', 'es-PA', 'es-PE', 'es-PY', 'es-SV', 'es-UY', 'fr-CA', 'ja-JP', 'ko-KR', 'pt-BR', 'zh-HK', 'zh-TW']
	PPSA01397	EP0001-PPSA01397_00-RAINBOWSIXSIEGE0	Tom Clancy's Rainbow Six® Siege	['ar-AE', 'ar-BH', 'ar-KW', 'ar-LB', 'ar-OM', 'ar-QA', 'ar-SA', 'da-DK', 'de-AT', 'de-CH', 'de-DE', 'de-LU', 'en-AE', 'en-AU', 'en-BG', 'en-BH', 'en-CY', 'en-CZ', 'en-DK', 'en-FI', 'en-GB', 'en-GR', 'en-HK', 'en-HR', 'en-HU', 'en-ID', 'en-IE', 'en-IL', 'en-IN', 'en-IS', 'en-KW', 'en-LB', 'en-MT', 'en-MY', 'en-NO', 'en-NZ', 'en-OM', 'en-PL', 'en-QA', 'en-RO', 'en-SA', 'en-SE', 'en-SG', 'en-SI', 'en-SK', 'en-TH', 'en-TR', 'en-TW', 'en-ZA', 'es-ES', 'fi-FI', 'fr-BE', 'fr-CH', 'fr-FR', 'fr-LU', 'it-CH', 'it-IT', 'ko-KR', 'nl-BE', 'nl-NL', 'no-NO', 'pl-PL', 'pt-PT', 'sv-SE', 'tr-TR', 'zh-HK', 'zh-TW']
	PPSA01660	EP0001-PPSA01660_00-RAINBOWSIXSIEGE0	Tom Clancy's Rainbow Six® Siege	['ru-RU', 'ru-UA']
	PPSA01396	UP0001-PPSA01396_00-RAINBOWSIXSIEGE0	Tom Clancy's Rainbow Six® Siege	['en-AR', 'en-BR', 'en-CA', 'en-CL', 'en-CO', 'en-MX', 'en-PE', 'en-US', 'es-AR', 'es-BO', 'es-CL', 'es-CO', 'es-CR', 'es-EC', 'es-GT', 'es-HN', 'es-MX', 'es-NI', 'es-PA', 'es-PE', 'es-PY', 'es-SV', 'es-UY', 'fr-CA', 'pt-BR']
MISSING	PPSA02469	EP0896-PPSA02469_00	Twin Robots: Ultimate Edition	['ar-AE', 'ar-BH', 'ar-KW', 'ar-LB', 'ar-OM', 'ar-QA', 'da-DK', 'de-AT', 'de-CH', 'de-DE', 'de-LU', 'en-AE', 'en-AU', 'en-BG', 'en-BH', 'en-CY', 'en-CZ', 'en-DK', 'en-FI', 'en-GB', 'en-GR', 'en-HR', 'en-HU', 'en-IE', 'en-IL', 'en-IN', 'en-IS', 'en-KW', 'en-LB', 'en-MT', 'en-NO', 'en-NZ', 'en-OM', 'en-PL', 'en-QA', 'en-RO', 'en-SE', 'en-SI', 'en-SK', 'en-TR', 'en-ZA', 'es-ES', 'fi-FI', 'fr-BE', 'fr-CH', 'fr-FR', 'fr-LU', 'it-CH', 'it-IT', 'nl-BE', 'nl-NL', 'no-NO', 'pl-PL', 'pt-PT', 'ru-RU', 'ru-UA', 'sv-SE', 'tr-TR']
MISSING	PPSA02539	HP2005-PPSA02539_00-TWINROBOTSULTIMA	Twin Robots: Ultimate Edition	['en-HK', 'en-ID', 'en-MY', 'en-SG', 'en-TH', 'en-TW', 'zh-HK', 'zh-TW']
MISSING	PPSA02470	UP0891-PPSA02470_00	Twin Robots: Ultimate Edition	['en-AR', 'en-BR', 'en-CA', 'en-CL', 'en-CO', 'en-MX', 'en-PE', 'en-US', 'es-AR', 'es-BO', 'es-CL', 'es-CO', 'es-CR', 'es-EC', 'es-GT', 'es-HN', 'es-MX', 'es-NI', 'es-PA', 'es-PE', 'es-PY', 'es-SV', 'es-UY', 'fr-CA', 'pt-BR']
MISSING	PPSA02931	EP0896-PPSA02931_00-RGULTRAGOODNESS2	UltraGoodness 2	['ar-AE', 'ar-BH', 'ar-KW', 'ar-LB', 'ar-OM', 'ar-QA', 'da-DK', 'de-AT', 'de-CH', 'de-DE', 'de-LU', 'en-AE', 'en-AU', 'en-BG', 'en-BH', 'en-CY', 'en-CZ', 'en-DK', 'en-FI', 'en-GB', 'en-GR', 'en-HR', 'en-HU', 'en-IE', 'en-IL', 'en-IN', 'en-IS', 'en-KW', 'en-LB', 'en-MT', 'en-NO', 'en-NZ', 'en-OM', 'en-PL', 'en-QA', 'en-RO', 'en-SE', 'en-SI', 'en-SK', 'en-TR', 'en-ZA', 'es-ES', 'fi-FI', 'fr-BE', 'fr-CH', 'fr-FR', 'fr-LU', 'it-CH', 'it-IT', 'nl-BE', 'nl-NL', 'no-NO', 'pl-PL', 'pt-PT', 'ru-RU', 'ru-UA', 'sv-SE', 'tr-TR']
MISSING	PPSA02932	UP0891-PPSA02932_00-RGULTRAGOODNESS2	UltraGoodness 2	['en-AR', 'en-BR', 'en-CA', 'en-CL', 'en-CO', 'en-MX', 'en-PE', 'en-US', 'es-AR', 'es-BO', 'es-CL', 'es-CO', 'es-CR', 'es-EC', 'es-GT', 'es-HN', 'es-MX', 'es-NI', 'es-PA', 'es-PE', 'es-PY', 'es-SV', 'es-UY', 'fr-CA', 'pt-BR']
MISSING	PPSA02314	EP4403-PPSA02314_00-UNDEADHORDE00000	Undead Horde	['ar-AE', 'ar-BH', 'ar-KW', 'ar-LB', 'ar-OM', 'ar-QA', 'ar-SA', 'da-DK', 'de-AT', 'de-CH', 'de-DE', 'de-LU', 'en-AE', 'en-AU', 'en-BG', 'en-BH', 'en-CY', 'en-CZ', 'en-DK', 'en-FI', 'en-GB', 'en-GR', 'en-HR', 'en-HU', 'en-IE', 'en-IL', 'en-IN', 'en-IS', 'en-KW', 'en-LB', 'en-MT', 'en-NO', 'en-NZ', 'en-OM', 'en-PL', 'en-QA', 'en-RO', 'en-SA', 'en-SE', 'en-SI', 'en-SK', 'en-TR', 'en-ZA', 'es-ES', 'fi-FI', 'fr-BE', 'fr-CH', 'fr-FR', 'fr-LU', 'it-CH', 'it-IT', 'nl-BE', 'nl-NL', 'no-NO', 'pl-PL', 'pt-PT', 'ru-RU', 'ru-UA', 'sv-SE', 'tr-TR']
MISSING	PPSA02313	UP4403-PPSA02313_00-UNDEADHORDE00000	Undead Horde	['en-AR', 'en-BR', 'en-CA', 'en-CL', 'en-CO', 'en-MX', 'en-PE', 'en-US', 'es-AR', 'es-BO', 'es-CL', 'es-CO', 'es-CR', 'es-EC', 'es-GT', 'es-HN', 'es-MX', 'es-NI', 'es-PA', 'es-PE', 'es-PY', 'es-SV', 'es-UY', 'fr-CA', 'pt-BR']
	PPSA01948	EP4432-PPSA01948_00-5311322004715828	War Thunder	['en-HK', 'en-ID', 'en-MY', 'en-SG', 'en-TH', 'en-TW', 'ko-KR', 'zh-HK', 'zh-TW']
	PPSA02190	JP1201-PPSA02190_00-8765687607573553	War Thunder	['ja-JP']
	PPSA01950	UP4432-PPSA01950_00-2173548409910606	War Thunder	['en-AR', 'en-BR', 'en-CA', 'en-CL', 'en-CO', 'en-MX', 'en-PE', 'en-US', 'es-AR', 'es-BO', 'es-CL', 'es-CO', 'es-CR', 'es-EC', 'es-GT', 'es-HN', 'es-MX', 'es-NI', 'es-PA', 'es-PE', 'es-PY', 'es-SV', 'es-UY', 'fr-CA', 'pt-BR']
	PPSA01980	EP2097-PPSA01980_00-7357509687265755	Warframe	['de-DE']
	PPSA02323	JP0141-PPSA02323_00-8148339690872080	Warframe	['ja-JP']
	PPSA01737	UP2097-PPSA01737_00-WARFRAMEPS500000	Warframe	['en-AR', 'en-BR', 'en-CA', 'en-CL', 'en-CO', 'en-HK', 'en-ID', 'en-MX', 'en-MY', 'en-PE', 'en-SG', 'en-TH', 'en-TW', 'en-US', 'es-AR', 'es-BO', 'es-CL', 'es-CO', 'es-CR', 'es-EC', 'es-GT', 'es-HN', 'es-MX', 'es-NI', 'es-PA', 'es-PE', 'es-PY', 'es-SV', 'es-UY', 'fr-CA', 'ko-KR', 'pt-BR', 'zh-HK', 'zh-TW']
	PPSA01445	EP4008-PPSA01445_00-WHCBSIEE00000000	Warhammer: Chaosbane Enhanced Edition	['ar-AE', 'ar-BH', 'ar-KW', 'ar-LB', 'ar-OM', 'ar-QA', 'da-DK', 'de-AT', 'de-CH', 'de-DE', 'de-LU', 'en-AE', 'en-AU', 'en-BG', 'en-BH', 'en-CY', 'en-CZ', 'en-DK', 'en-FI', 'en-GB', 'en-GR', 'en-HK', 'en-HR', 'en-HU', 'en-ID', 'en-IE', 'en-IL', 'en-IN', 'en-IS', 'en-KW', 'en-LB', 'en-MT', 'en-MY', 'en-NO', 'en-NZ', 'en-OM', 'en-PL', 'en-QA', 'en-RO', 'en-SE', 'en-SG', 'en-SI', 'en-SK', 'en-TH', 'en-TR', 'en-TW', 'en-ZA', 'es-ES', 'fi-FI', 'fr-BE', 'fr-CH', 'fr-FR', 'fr-LU', 'it-CH', 'it-IT', 'ko-KR', 'nl-BE', 'nl-NL', 'no-NO', 'pl-PL', 'pt-PT', 'ru-RU', 'ru-UA', 'sv-SE', 'tr-TR', 'zh-HK', 'zh-TW']
	PPSA01446	UP4008-PPSA01446_00-WHCBSIEA00000000	Warhammer: Chaosbane Enhanced Edition	['en-AR', 'en-BR', 'en-CA', 'en-CL', 'en-CO', 'en-MX', 'en-PE', 'en-US', 'es-AR', 'es-BO', 'es-CL', 'es-CO', 'es-CR', 'es-EC', 'es-GT', 'es-HN', 'es-MX', 'es-NI', 'es-PA', 'es-PE', 'es-PY', 'es-SV', 'es-UY', 'fr-CA', 'pt-BR']
	PPSA01488	EP0001-PPSA01488_00-ORWFULLGAME00000	Watch Dogs®: Legion	['da-DK', 'de-AT', 'de-CH', 'de-DE', 'de-LU', 'en-AU', 'en-BG', 'en-CY', 'en-CZ', 'en-DK', 'en-FI', 'en-GB', 'en-GR', 'en-HR', 'en-HU', 'en-IE', 'en-IL', 'en-IN', 'en-IS', 'en-MT', 'en-NO', 'en-NZ', 'en-PL', 'en-RO', 'en-SE', 'en-SI', 'en-SK', 'en-ZA', 'es-ES', 'fi-FI', 'fr-BE', 'fr-CH', 'fr-FR', 'fr-LU', 'it-CH', 'it-IT', 'nl-BE', 'nl-NL', 'no-NO', 'pl-PL', 'pt-PT', 'sv-SE']
	PPSA01500	EP0001-PPSA01500_00-ORWFULLGAME00000	Watch Dogs®: Legion	['en-TR', 'ru-RU', 'ru-UA', 'tr-TR']
	PPSA01501	EP0001-PPSA01501_00-ORWFULLGAME00000	Watch Dogs®: Legion	['ar-AE', 'ar-BH', 'ar-KW', 'ar-LB', 'ar-OM', 'ar-QA', 'ar-SA', 'en-AE', 'en-BH', 'en-KW', 'en-LB', 'en-OM', 'en-QA', 'en-SA']
	PPSA01489	JP0001-PPSA01489_00-ORWFULLGAME00000	Watch Dogs®: Legion	['en-HK', 'en-ID', 'en-MY', 'en-SG', 'en-TH', 'en-TW', 'ja-JP', 'ko-KR', 'zh-HK', 'zh-TW']
	PPSA01487	UP0001-PPSA01487_00-ORWFULLGAME00000	Watch Dogs®: Legion	['en-AR', 'en-BR', 'en-CA', 'en-CL', 'en-CO', 'en-MX', 'en-PE', 'en-US', 'es-AR', 'es-BO', 'es-CL', 'es-CO', 'es-CR', 'es-EC', 'es-GT', 'es-HN', 'es-MX', 'es-NI', 'es-PA', 'es-PE', 'es-PY', 'es-SV', 'es-UY', 'fr-CA', 'pt-BR']
	PPSA02113	EP4008-PPSA02113_00-WTASIEE000000000	Werewolf: The Apocalypse - Earthblood	['ar-AE', 'ar-BH', 'ar-KW', 'ar-LB', 'ar-OM', 'ar-QA', 'ar-SA', 'da-DK', 'de-AT', 'de-CH', 'de-DE', 'de-LU', 'en-AE', 'en-AU', 'en-BG', 'en-BH', 'en-CY', 'en-CZ', 'en-DK', 'en-FI', 'en-GB', 'en-GR', 'en-HK', 'en-HR', 'en-HU', 'en-ID', 'en-IE', 'en-IL', 'en-IN', 'en-IS', 'en-KW', 'en-LB', 'en-MT', 'en-MY', 'en-NO', 'en-NZ', 'en-OM', 'en-PL', 'en-QA', 'en-RO', 'en-SA', 'en-SE', 'en-SG', 'en-SI', 'en-SK', 'en-TH', 'en-TR', 'en-TW', 'en-ZA', 'es-ES', 'fi-FI', 'fr-BE', 'fr-CH', 'fr-FR', 'fr-LU', 'it-CH', 'it-IT', 'ko-KR', 'nl-BE', 'nl-NL', 'no-NO', 'pl-PL', 'pt-PT', 'ru-RU', 'ru-UA', 'sv-SE', 'tr-TR', 'zh-HK', 'zh-TW']
MISSING	PPSA02114	UP4008-PPSA02114_00-WTASIEA000000000	Werewolf: The Apocalypse - Earthblood	['en-AR', 'en-BR', 'en-CA', 'en-CL', 'en-CO', 'en-MX', 'en-PE', 'en-US', 'es-AR', 'es-BO', 'es-CL', 'es-CO', 'es-CR', 'es-EC', 'es-GT', 'es-HN', 'es-MX', 'es-NI', 'es-PA', 'es-PE', 'es-PY', 'es-SV', 'es-UY', 'fr-CA', 'pt-BR']
	PPSA01526	EP4064-PPSA01526_00-7366148917983053	Worms Rumble	['ar-AE', 'ar-BH', 'ar-KW', 'ar-LB', 'ar-OM', 'ar-QA', 'ar-SA', 'da-DK', 'de-AT', 'de-CH', 'de-DE', 'de-LU', 'en-AE', 'en-AU', 'en-BG', 'en-BH', 'en-CY', 'en-CZ', 'en-DK', 'en-FI', 'en-GB', 'en-GR', 'en-HK', 'en-HR', 'en-HU', 'en-ID', 'en-IE', 'en-IL', 'en-IN', 'en-IS', 'en-KW', 'en-LB', 'en-MT', 'en-MY', 'en-NO', 'en-NZ', 'en-OM', 'en-PL', 'en-QA', 'en-RO', 'en-SA', 'en-SE', 'en-SG', 'en-SI', 'en-SK', 'en-TH', 'en-TR', 'en-TW', 'en-ZA', 'es-ES', 'fi-FI', 'fr-BE', 'fr-CH', 'fr-FR', 'fr-LU', 'it-CH', 'it-IT', 'ja-JP', 'ko-KR', 'nl-BE', 'nl-NL', 'no-NO', 'pl-PL', 'pt-PT', 'ru-RU', 'ru-UA', 'sv-SE', 'tr-TR', 'zh-HK', 'zh-TW']
	PPSA01527	UP4064-PPSA01527_00-6386505284144437	Worms Rumble	['en-AR', 'en-BR', 'en-CA', 'en-CL', 'en-CO', 'en-MX', 'en-PE', 'en-US', 'es-AR', 'es-BO', 'es-CL', 'es-CO', 'es-CR', 'es-EC', 'es-GT', 'es-HN', 'es-MX', 'es-NI', 'es-PA', 'es-PE', 'es-PY', 'es-SV', 'es-UY', 'fr-CA', 'pt-BR']
	PPSA01363	EP4008-PPSA01363_00-WRC9SIEE00000000	WRC 9 FIA World Rally Championship	['ar-AE', 'ar-BH', 'ar-KW', 'ar-LB', 'ar-OM', 'ar-QA', 'ar-SA', 'da-DK', 'de-AT', 'de-CH', 'de-DE', 'de-LU', 'en-AE', 'en-AU', 'en-BG', 'en-BH', 'en-CY', 'en-CZ', 'en-DK', 'en-FI', 'en-GB', 'en-GR', 'en-HK', 'en-HR', 'en-HU', 'en-ID', 'en-IE', 'en-IL', 'en-IN', 'en-IS', 'en-KW', 'en-LB', 'en-MT', 'en-MY', 'en-NO', 'en-NZ', 'en-OM', 'en-PL', 'en-QA', 'en-RO', 'en-SA', 'en-SE', 'en-SG', 'en-SI', 'en-SK', 'en-TH', 'en-TR', 'en-TW', 'en-ZA', 'es-ES', 'fi-FI', 'fr-BE', 'fr-CH', 'fr-FR', 'fr-LU', 'it-CH', 'it-IT', 'ko-KR', 'nl-BE', 'nl-NL', 'no-NO', 'pl-PL', 'pt-PT', 'ru-RU', 'ru-UA', 'sv-SE', 'tr-TR', 'zh-HK', 'zh-TW']
	PPSA01364	UP4008-PPSA01364_00-WRC9SIEA00000000	WRC 9 FIA World Rally Championship	['en-AR', 'en-BR', 'en-CA', 'en-CL', 'en-CO', 'en-MX', 'en-PE', 'en-US', 'es-AR', 'es-BO', 'es-CL', 'es-CO', 'es-CR', 'es-EC', 'es-GT', 'es-HN', 'es-MX', 'es-NI', 'es-PA', 'es-PE', 'es-PY', 'es-SV', 'es-UY', 'fr-CA', 'pt-BR']
MISSING	PPSA02690	JP0177-PPSA02690_00	Yakuza: Like a Dragon Legendary Hero Edition	['en-HK', 'en-ID', 'en-MY', 'en-SG', 'en-TH', 'en-TW', 'ja-JP', 'ko-KR', 'zh-HK', 'zh-TW']
MISSING	PPSA01780	JP0082-PPSA01780_00	アウトライダーズ	['ja-JP']
MISSING	PPSA01890	JP0082-PPSA01890_00	バランワンダーワールド PS4 and PS5	['ja-JP']
	PPSA02097	JP0106-PPSA02097_00-RYZA200000MASTER	ライザのアトリエ２ ～失われた伝承と秘密の妖精～	['ja-JP']
MISSING	PPSA01475	JP9000-PPSA01475_00	ラチェット＆クランク パラレル・トラブル デジタルデラックスエディション	['ja-JP']
MISSING	PPSA01815	JP9000-PPSA01815_00-SACKBOYBONUS0001	リビッツ！ビッグ・アドベンチャー ボーナスコンテンツ	['ja-JP']
MISSING	PPSA01401	JP0001-PPSA01401_00-RAINBOWSIXSIEGE0	レインボーシックス　シージ	['ja-JP']
	PPSA02095	HP0106-PPSA02095_00-RYZA200000MASTER	萊莎的鍊金工房２ ～失落傳說與秘密妖精～	['en-HK', 'en-ID', 'en-MY', 'en-SG', 'en-TH', 'en-TW', 'zh-HK', 'zh-TW']